 /*************************************\
** GAME
\*************************************/
INSERT INTO platform (platform_id, name)
VALUES (0,'UNKNOWN')
,(1,'Game Boy')
,(2,'Game Boy Color')
,(3,'Game Boy Advance')
,(4,'Nintendo DS')
,(5,'Nintendo 3DS')
,(6,'Nintendo Switch');


/*************************************\
** GENERATION
\*************************************/
INSERT INTO generation (generation_id, name)
VALUES (0,'UNKNOWN')
,(1,'I')
,(2,'II')
,(3,'III')
,(4,'IV')
,(5,'V')
,(6,'VI')
,(7,'VII')
,(8,'VIII')
,(9,'IX');


/*************************************\
** GAME
\*************************************/
INSERT INTO game (game_id, name, release_date, platform_id, generation_id)
VALUES (1,'Red','1998-09-28',1,1)
,(2,'Blue','1998-09-28',1,1)
,(3,'Yellow','1998-09-12',1,1)
,(4,'Gold','1999-11-21',2,2)
,(5,'Silver','1999-11-21',2,2)
,(6,'Crystal','2000-12-14',2,2)
,(7,'Ruby','2002-11-21',3,3)
,(8,'Sapphire','2002-11-21',3,3)
,(9,'FireRed','2004-01-29',3,3)
,(10,'LeafGreen','2004-01-29',3,3)
,(11,'Emerald','2004-09-16',3,3)
,(12,'Diamond','2006-09-28',4,4)
,(13,'Pearl','2006-09-28',4,4)
,(14,'Platinum','2008-09-13',4,4)
,(15,'HeartGold','2009-09-12',4,4)
,(16,'SoulSilver','2009-09-12',4,4)
,(17,'Black','2010-09-18',4,5)
,(18,'White','2010-09-18',4,5)
,(19,'Black 2','2012-06-23',4,5)
,(20,'White 2','2012-06-23',4,5)
,(21,'X','2013-10-12',5,6)
,(22,'Y','2013-10-12',5,6)
,(23,'Omega Ruby ','2014-11-21',5,6)
,(24,'Alpha Sapphire','2014-11-21',5,6)
,(25,'Sun','2016-11-18',5,7)
,(26,'Moon','2016-11-18',5,7)
,(27,'Ultra Sun','2017-11-17',5,7)
,(28,'Ultra Moon','2017-11-17',5,7)
,(29,'Sword','2019-11-15',6,8)
,(30,'Shield','2019-11-15',6,8)
,(31,'Brilliant Diamond','2021-11-19',6,8)
,(32,'Shining Pearl','2021-11-19',6,8)
,(33,'Legends: Arceus','2022-01-22',6,8)
,(34,'Scarlet','2022-12-31',6,9)
,(35,'Violet','2022-12-31',6,9);


/*************************************\
** POKEMON
\*************************************/
INSERT INTO pokemon (ndex, name, type_1, type_2, total, hp, attack, defense, sp_attack, sp_defense, speed, generation_id, is_legendary)
VALUES ('#0001','Bulbasaur','Grass','Poison',318,45,49,49,65,65,45,0,0)
,('#0002','Ivysaur','Grass','Poison',405,60,62,63,80,80,60,0,0)
,('#0003','Venusaur','Grass','Poison',525,80,82,83,100,100,80,0,0)
,('#0003','Venusaur|Mega Venusaur','Grass','Poison',625,80,100,123,122,120,80,0,0)
,('#0004','Charmander','Fire',NULL,309,39,52,43,60,50,65,0,0)
,('#0005','Charmeleon','Fire',NULL,405,58,64,58,80,65,80,0,0)
,('#0006','Charizard','Fire','Flying',534,78,84,78,109,85,100,0,0)
,('#0006','Charizard|Mega Charizard X','Fire','Dragon',634,78,130,111,130,85,100,0,0)
,('#0006','Charizard|Mega Charizard Y','Fire','Flying',634,78,104,78,159,115,100,0,0)
,('#0007','Squirtle','Water',NULL,314,44,48,65,50,64,43,0,0)
,('#0008','Wartortle','Water',NULL,405,59,63,80,65,80,58,0,0)
,('#0009','Blastoise','Water',NULL,530,79,83,100,85,105,78,0,0)
,('#0009','Blastoise|Mega Blastoise','Water',NULL,630,79,103,120,135,115,78,0,0)
,('#0010','Caterpie','Bug',NULL,195,45,30,35,20,20,45,0,0)
,('#0011','Metapod','Bug',NULL,205,50,20,55,25,25,30,0,0)
,('#0012','Butterfree','Bug','Flying',395,60,45,50,90,80,70,0,0)
,('#0013','Weedle','Bug','Poison',195,40,35,30,20,20,50,0,0)
,('#0014','Kakuna','Bug','Poison',205,45,25,50,25,25,35,0,0)
,('#0015','Beedrill','Bug','Poison',395,65,90,40,45,80,75,0,0)
,('#0015','Beedrill|Mega Beedrill','Bug','Poison',495,65,150,40,15,80,145,0,0)
,('#0016','Pidgey','Normal','Flying',251,40,45,40,35,35,56,0,0)
,('#0017','Pidgeotto','Normal','Flying',349,63,60,55,50,50,71,0,0)
,('#0018','Pidgeot','Normal','Flying',479,83,80,75,70,70,101,0,0)
,('#0018','Pidgeot|Mega Pidgeot','Normal','Flying',579,83,80,80,135,80,121,0,0)
,('#0019','Rattata','Normal',NULL,253,30,56,35,25,35,72,0,0)
,('#0019','Rattata|Alolan Rattata','Dark','Normal',253,30,56,35,25,35,72,0,0)
,('#0020','Raticate','Normal',NULL,413,55,81,60,50,70,97,0,0)
,('#0020','Raticate|Alolan Raticate','Dark','Normal',413,75,71,70,40,80,77,0,0)
,('#0021','Spearow','Normal','Flying',262,40,60,30,31,31,70,0,0)
,('#0022','Fearow','Normal','Flying',442,65,90,65,61,61,100,0,0)
,('#0023','Ekans','Poison',NULL,288,35,60,44,40,54,55,0,0)
,('#0024','Arbok','Poison',NULL,448,60,95,69,65,79,80,0,0)
,('#0025','Pikachu','Electric',NULL,320,35,55,40,50,50,90,0,0)
,('#0025','Pikachu|Partner Pikachu','Electric',NULL,430,45,80,50,75,60,120,0,0)
,('#0026','Raichu','Electric',NULL,485,60,90,55,90,80,110,0,0)
,('#0026','Raichu|Alolan Raichu','Electric','Psychic',485,60,85,50,95,85,110,0,0)
,('#0027','Sandshrew','Ground',NULL,300,50,75,85,20,30,40,0,0)
,('#0027','Sandshrew|Alolan Sandshrew','Ice','Steel',300,50,75,90,10,35,40,0,0)
,('#0028','Sandslash','Ground',NULL,450,75,100,110,45,55,65,0,0)
,('#0028','Sandslash|Alolan Sandslash','Ice','Steel',450,75,100,120,25,65,65,0,0)
,('#0029','Nidoran♀','Poison',NULL,275,55,47,52,40,40,41,0,0)
,('#0030','Nidorina','Poison',NULL,365,70,62,67,55,55,56,0,0)
,('#0031','Nidoqueen','Poison','Ground',505,90,92,87,75,85,76,0,0)
,('#0032','Nidoran♂','Poison',NULL,273,46,57,40,40,40,50,0,0)
,('#0033','Nidorino','Poison',NULL,365,61,72,57,55,55,65,0,0)
,('#0034','Nidoking','Poison','Ground',505,81,102,77,85,75,85,0,0)
,('#0035','Clefairy','Fairy',NULL,323,70,45,48,60,65,35,0,0)
,('#0036','Clefable','Fairy',NULL,483,95,70,73,95,90,60,0,0)
,('#0037','Vulpix','Fire',NULL,299,38,41,40,50,65,65,0,0)
,('#0037','Vulpix|Alolan Vulpix','Ice',NULL,299,38,41,40,50,65,65,0,0)
,('#0038','Ninetales','Fire',NULL,505,73,76,75,81,100,100,0,0)
,('#0038','Ninetales|Alolan Ninetales','Ice','Fairy',505,73,67,75,81,100,109,0,0)
,('#0039','Jigglypuff','Normal','Fairy',270,115,45,20,45,25,20,0,0)
,('#0040','Wigglytuff','Normal','Fairy',435,140,70,45,85,50,45,0,0)
,('#0041','Zubat','Poison','Flying',245,40,45,35,30,40,55,0,0)
,('#0042','Golbat','Poison','Flying',455,75,80,70,65,75,90,0,0)
,('#0043','Oddish','Grass','Poison',320,45,50,55,75,65,30,0,0)
,('#0044','Gloom','Grass','Poison',395,60,65,70,85,75,40,0,0)
,('#0045','Vileplume','Grass','Poison',490,75,80,85,110,90,50,0,0)
,('#0046','Paras','Bug','Grass',285,35,70,55,45,55,25,0,0)
,('#0047','Parasect','Bug','Grass',405,60,95,80,60,80,30,0,0)
,('#0048','Venonat','Bug','Poison',305,60,55,50,40,55,45,0,0)
,('#0049','Venomoth','Bug','Poison',450,70,65,60,90,75,90,0,0)
,('#0050','Diglett','Ground',NULL,265,10,55,25,35,45,95,0,0)
,('#0050','Diglett|Alolan Diglett','Ground','Steel',265,10,55,30,35,45,90,0,0)
,('#0051','Dugtrio','Ground',NULL,425,35,100,50,50,70,120,0,0)
,('#0051','Dugtrio|Alolan Dugtrio','Ground','Steel',425,35,100,60,50,70,110,0,0)
,('#0052','Meowth','Normal',NULL,290,40,45,35,40,40,90,0,0)
,('#0052','Meowth|Alolan Meowth','Dark',NULL,290,40,35,35,50,40,90,0,0)
,('#0052','Meowth|Galarian Meowth','Steel',NULL,290,50,65,55,40,40,40,0,0)
,('#0053','Persian','Normal',NULL,440,65,70,60,65,65,115,0,0)
,('#0053','Persian|Alolan Persian','Dark',NULL,440,65,60,60,75,65,115,0,0)
,('#0054','Psyduck','Water',NULL,320,50,52,48,65,50,55,0,0)
,('#0055','Golduck','Water',NULL,500,80,82,78,95,80,85,0,0)
,('#0056','Mankey','Fighting',NULL,305,40,80,35,35,45,70,0,0)
,('#0057','Primeape','Fighting',NULL,455,65,105,60,60,70,95,0,0)
,('#0058','Growlithe','Fire',NULL,350,55,70,45,70,50,60,0,0)
,('#0058','Growlithe|Hisuian Growlithe','Fire','Rock',350,60,75,45,65,50,55,0,0)
,('#0059','Arcanine','Fire',NULL,555,90,110,80,100,80,95,0,0)
,('#0059','Arcanine|Hisuian Arcanine','Fire','Rock',555,95,115,80,95,80,90,0,0)
,('#0060','Poliwag','Water',NULL,300,40,50,40,40,40,90,0,0)
,('#0061','Poliwhirl','Water',NULL,385,65,65,65,50,50,90,0,0)
,('#0062','Poliwrath','Water','Fighting',510,90,95,95,70,90,70,0,0)
,('#0063','Abra','Psychic',NULL,310,25,20,15,105,55,90,0,0)
,('#0064','Kadabra','Psychic',NULL,400,40,35,30,120,70,105,0,0)
,('#0065','Alakazam','Psychic',NULL,500,55,50,45,135,95,120,0,0)
,('#0065','Alakazam|Mega Alakazam','Psychic',NULL,600,55,50,65,175,105,150,0,0)
,('#0066','Machop','Fighting',NULL,305,70,80,50,35,35,35,0,0)
,('#0067','Machoke','Fighting',NULL,405,80,100,70,50,60,45,0,0)
,('#0068','Machamp','Fighting',NULL,505,90,130,80,65,85,55,0,0)
,('#0069','Bellsprout','Grass','Poison',300,50,75,35,70,30,40,0,0)
,('#0070','Weepinbell','Grass','Poison',390,65,90,50,85,45,55,0,0)
,('#0071','Victreebel','Grass','Poison',490,80,105,65,100,70,70,0,0)
,('#0072','Tentacool','Water','Poison',335,40,40,35,50,100,70,0,0)
,('#0073','Tentacruel','Water','Poison',515,80,70,65,80,120,100,0,0)
,('#0074','Geodude','Rock','Ground',300,40,80,100,30,30,20,0,0)
,('#0074','Geodude|Alolan Geodude','Rock','Electric',300,40,80,100,30,30,20,0,0)
,('#0075','Graveler','Rock','Ground',390,55,95,115,45,45,35,0,0)
,('#0075','Graveler|Alolan Graveler','Rock','Electric',390,55,95,115,45,45,35,0,0)
,('#0076','Golem','Rock','Ground',495,80,120,130,55,65,45,0,0)
,('#0076','Golem|Alolan Golem','Rock','Electric',495,80,120,130,55,65,45,0,0)
,('#0077','Ponyta','Fire',NULL,410,50,85,55,65,65,90,0,0)
,('#0077','Ponyta|Galarian Ponyta','Psychic',NULL,410,50,85,55,65,65,90,0,0)
,('#0078','Rapidash','Fire',NULL,500,65,100,70,80,80,105,0,0)
,('#0078','Rapidash|Galarian Rapidash','Psychic','Fairy',500,65,100,70,80,80,105,0,0)
,('#0079','Slowpoke','Water','Psychic',315,90,65,65,40,40,15,0,0)
,('#0079','Slowpoke|Galarian Slowpoke','Psychic',NULL,315,90,65,65,40,40,15,0,0)
,('#0080','Slowbro','Water','Psychic',490,95,75,110,100,80,30,0,0)
,('#0080','Slowbro|Mega Slowbro','Water','Psychic',590,95,75,180,130,80,30,0,0)
,('#0080','Slowbro|Galarian Slowbro','Poison','Psychic',490,95,100,95,100,70,30,0,0)
,('#0081','Magnemite','Electric','Steel',325,25,35,70,95,55,45,0,0)
,('#0082','Magneton','Electric','Steel',465,50,60,95,120,70,70,0,0)
,('#0083','Farfetch''d','Normal','Flying',377,52,90,55,58,62,60,0,0)
,('#0083','Farfetch''d|Galarian Farfetch''d','Fighting',NULL,377,52,95,55,58,62,55,0,0)
,('#0084','Doduo','Normal','Flying',310,35,85,45,35,35,75,0,0)
,('#0085','Dodrio','Normal','Flying',470,60,110,70,60,60,110,0,0)
,('#0086','Seel','Water',NULL,325,65,45,55,45,70,45,0,0)
,('#0087','Dewgong','Water','Ice',475,90,70,80,70,95,70,0,0)
,('#0088','Grimer','Poison',NULL,325,80,80,50,40,50,25,0,0)
,('#0088','Grimer|Alolan Grimer','Poison','Dark',325,80,80,50,40,50,25,0,0)
,('#0089','Muk','Poison',NULL,500,105,105,75,65,100,50,0,0)
,('#0089','Muk|Alolan Muk','Poison','Dark',500,105,105,75,65,100,50,0,0)
,('#0090','Shellder','Water',NULL,305,30,65,100,45,25,40,0,0)
,('#0091','Cloyster','Water','Ice',525,50,95,180,85,45,70,0,0)
,('#0092','Gastly','Ghost','Poison',310,30,35,30,100,35,80,0,0)
,('#0093','Haunter','Ghost','Poison',405,45,50,45,115,55,95,0,0)
,('#0094','Gengar','Ghost','Poison',500,60,65,60,130,75,110,0,0)
,('#0094','Gengar|Mega Gengar','Ghost','Poison',600,60,65,80,170,95,130,0,0)
,('#0095','Onix','Rock','Ground',385,35,45,160,30,45,70,0,0)
,('#0096','Drowzee','Psychic',NULL,328,60,48,45,43,90,42,0,0)
,('#0097','Hypno','Psychic',NULL,483,85,73,70,73,115,67,0,0)
,('#0098','Krabby','Water',NULL,325,30,105,90,25,25,50,0,0)
,('#0099','Kingler','Water',NULL,475,55,130,115,50,50,75,0,0)
,('#0100','Voltorb','Electric',NULL,330,40,30,50,55,55,100,0,0)
,('#0100','Voltorb|Hisuian Voltorb','Electric','Grass',330,40,30,50,55,55,100,0,0)
,('#0101','Electrode','Electric',NULL,490,60,50,70,80,80,150,0,0)
,('#0101','Electrode|Hisuian Electrode','Electric','Grass',490,60,50,70,80,80,150,0,0)
,('#0102','Exeggcute','Grass','Psychic',325,60,40,80,60,45,40,0,0)
,('#0103','Exeggutor','Grass','Psychic',530,95,95,85,125,75,55,0,0)
,('#0103','Exeggutor|Alolan Exeggutor','Grass','Dragon',530,95,105,85,125,75,45,0,0)
,('#0104','Cubone','Ground',NULL,320,50,50,95,40,50,35,0,0)
,('#0105','Marowak','Ground',NULL,425,60,80,110,50,80,45,0,0)
,('#0105','Marowak|Alolan Marowak','Fire','Ghost',425,60,80,110,50,80,45,0,0)
,('#0106','Hitmonlee','Fighting',NULL,455,50,120,53,35,110,87,0,0)
,('#0107','Hitmonchan','Fighting',NULL,455,50,105,79,35,110,76,0,0)
,('#0108','Lickitung','Normal',NULL,385,90,55,75,60,75,30,0,0)
,('#0109','Koffing','Poison',NULL,340,40,65,95,60,45,35,0,0)
,('#0110','Weezing','Poison',NULL,490,65,90,120,85,70,60,0,0)
,('#0110','Weezing|Galarian Weezing','Poison','Fairy',490,65,90,120,85,70,60,0,0)
,('#0111','Rhyhorn','Ground','Rock',345,80,85,95,30,30,25,0,0)
,('#0112','Rhydon','Ground','Rock',485,105,130,120,45,45,40,0,0)
,('#0113','Chansey','Normal',NULL,450,250,5,5,35,105,50,0,0)
,('#0114','Tangela','Grass',NULL,435,65,55,115,100,40,60,0,0)
,('#0115','Kangaskhan','Normal',NULL,490,105,95,80,40,80,90,0,0)
,('#0115','Kangaskhan|Mega Kangaskhan','Normal',NULL,590,105,125,100,60,100,100,0,0)
,('#0116','Horsea','Water',NULL,295,30,40,70,70,25,60,0,0)
,('#0117','Seadra','Water',NULL,440,55,65,95,95,45,85,0,0)
,('#0118','Goldeen','Water',NULL,320,45,67,60,35,50,63,0,0)
,('#0119','Seaking','Water',NULL,450,80,92,65,65,80,68,0,0)
,('#0120','Staryu','Water',NULL,340,30,45,55,70,55,85,0,0)
,('#0121','Starmie','Water','Psychic',520,60,75,85,100,85,115,0,0)
,('#0122','Mr. Mime','Psychic','Fairy',460,40,45,65,100,120,90,0,0)
,('#0122','Mr. Mime|Galarian Mr. Mime','Ice','Psychic',460,50,65,65,90,90,100,0,0)
,('#0123','Scyther','Bug','Flying',500,70,110,80,55,80,105,0,0)
,('#0124','Jynx','Ice','Psychic',455,65,50,35,115,95,95,0,0)
,('#0125','Electabuzz','Electric',NULL,490,65,83,57,95,85,105,0,0)
,('#0126','Magmar','Fire',NULL,495,65,95,57,100,85,93,0,0)
,('#0127','Pinsir','Bug',NULL,500,65,125,100,55,70,85,0,0)
,('#0127','Pinsir|Mega Pinsir','Bug','Flying',600,65,155,120,65,90,105,0,0)
,('#0128','Tauros','Normal',NULL,490,75,100,95,40,70,110,0,0)
,('#0129','Magikarp','Water',NULL,200,20,10,55,15,20,80,0,0)
,('#0130','Gyarados','Water','Flying',540,95,125,79,60,100,81,0,0)
,('#0130','Gyarados|Mega Gyarados','Water','Dark',640,95,155,109,70,130,81,0,0)
,('#0131','Lapras','Water','Ice',535,130,85,80,85,95,60,0,0)
,('#0132','Ditto','Normal',NULL,288,48,48,48,48,48,48,0,0)
,('#0133','Eevee','Normal',NULL,325,55,55,50,45,65,55,0,0)
,('#0133','Eevee|Partner Eevee','Normal',NULL,435,65,75,70,65,85,75,0,0)
,('#0134','Vaporeon','Water',NULL,525,130,65,60,110,95,65,0,0)
,('#0135','Jolteon','Electric',NULL,525,65,65,60,110,95,130,0,0)
,('#0136','Flareon','Fire',NULL,525,65,130,60,95,110,65,0,0)
,('#0137','Porygon','Normal',NULL,395,65,60,70,85,75,40,0,0)
,('#0138','Omanyte','Rock','Water',355,35,40,100,90,55,35,0,0)
,('#0139','Omastar','Rock','Water',495,70,60,125,115,70,55,0,0)
,('#0140','Kabuto','Rock','Water',355,30,80,90,55,45,55,0,0)
,('#0141','Kabutops','Rock','Water',495,60,115,105,65,70,80,0,0)
,('#0142','Aerodactyl','Rock','Flying',515,80,105,65,60,75,130,0,0)
,('#0142','Aerodactyl|Mega Aerodactyl','Rock','Flying',615,80,135,85,70,95,150,0,0)
,('#0143','Snorlax','Normal',NULL,540,160,110,65,65,110,30,0,0)
,('#0144','Articuno','Ice','Flying',580,90,85,100,95,125,85,0,0)
,('#0144','Articuno|Galarian Articuno','Psychic','Flying',580,90,85,85,125,100,95,0,0)
,('#0145','Zapdos','Electric','Flying',580,90,90,85,125,90,100,0,0)
,('#0145','Zapdos|Galarian Zapdos','Fighting','Flying',580,90,125,90,85,90,100,0,0)
,('#0146','Moltres','Fire','Flying',580,90,100,90,125,85,90,0,0)
,('#0146','Moltres|Galarian Moltres','Dark','Flying',580,90,85,90,100,125,90,0,0)
,('#0147','Dratini','Dragon',NULL,300,41,64,45,50,50,50,0,0)
,('#0148','Dragonair','Dragon',NULL,420,61,84,65,70,70,70,0,0)
,('#0149','Dragonite','Dragon','Flying',600,91,134,95,100,100,80,0,0)
,('#0150','Mewtwo','Psychic',NULL,680,106,110,90,154,90,130,0,0)
,('#0150','Mewtwo|Mega Mewtwo X','Psychic','Fighting',780,106,190,100,154,100,130,0,0)
,('#0150','Mewtwo|Mega Mewtwo Y','Psychic',NULL,780,106,150,70,194,120,140,0,0)
,('#0151','Mew','Psychic',NULL,600,100,100,100,100,100,100,0,0)
,('#0152','Chikorita','Grass',NULL,318,45,49,65,49,65,45,0,0)
,('#0153','Bayleef','Grass',NULL,405,60,62,80,63,80,60,0,0)
,('#0154','Meganium','Grass',NULL,525,80,82,100,83,100,80,0,0)
,('#0155','Cyndaquil','Fire',NULL,309,39,52,43,60,50,65,0,0)
,('#0156','Quilava','Fire',NULL,405,58,64,58,80,65,80,0,0)
,('#0157','Typhlosion','Fire',NULL,534,78,84,78,109,85,100,0,0)
,('#0157','Typhlosion|Hisuian Typhlosion','Fire','Ghost',534,73,84,78,119,85,95,0,0)
,('#0158','Totodile','Water',NULL,314,50,65,64,44,48,43,0,0)
,('#0159','Croconaw','Water',NULL,405,65,80,80,59,63,58,0,0)
,('#0160','Feraligatr','Water',NULL,530,85,105,100,79,83,78,0,0)
,('#0161','Sentret','Normal',NULL,215,35,46,34,35,45,20,0,0)
,('#0162','Furret','Normal',NULL,415,85,76,64,45,55,90,0,0)
,('#0163','Hoothoot','Normal','Flying',262,60,30,30,36,56,50,0,0)
,('#0164','Noctowl','Normal','Flying',452,100,50,50,86,96,70,0,0)
,('#0165','Ledyba','Bug','Flying',265,40,20,30,40,80,55,0,0)
,('#0166','Ledian','Bug','Flying',390,55,35,50,55,110,85,0,0)
,('#0167','Spinarak','Bug','Poison',250,40,60,40,40,40,30,0,0)
,('#0168','Ariados','Bug','Poison',400,70,90,70,60,70,40,0,0)
,('#0169','Crobat','Poison','Flying',535,85,90,80,70,80,130,0,0)
,('#0170','Chinchou','Water','Electric',330,75,38,38,56,56,67,0,0)
,('#0171','Lanturn','Water','Electric',460,125,58,58,76,76,67,0,0)
,('#0172','Pichu','Electric',NULL,205,20,40,15,35,35,60,0,0)
,('#0173','Cleffa','Fairy',NULL,218,50,25,28,45,55,15,0,0)
,('#0174','Igglybuff','Normal','Fairy',210,90,30,15,40,20,15,0,0)
,('#0175','Togepi','Fairy',NULL,245,35,20,65,40,65,20,0,0)
,('#0176','Togetic','Fairy','Flying',405,55,40,85,80,105,40,0,0)
,('#0177','Natu','Psychic','Flying',320,40,50,45,70,45,70,0,0)
,('#0178','Xatu','Psychic','Flying',470,65,75,70,95,70,95,0,0)
,('#0179','Mareep','Electric',NULL,280,55,40,40,65,45,35,0,0)
,('#0180','Flaaffy','Electric',NULL,365,70,55,55,80,60,45,0,0)
,('#0181','Ampharos','Electric',NULL,510,90,75,85,115,90,55,0,0)
,('#0181','Ampharos|Mega Ampharos','Electric','Dragon',610,90,95,105,165,110,45,0,0)
,('#0182','Bellossom','Grass',NULL,490,75,80,95,90,100,50,0,0)
,('#0183','Marill','Water','Fairy',250,70,20,50,20,50,40,0,0)
,('#0184','Azumarill','Water','Fairy',420,100,50,80,60,80,50,0,0)
,('#0185','Sudowoodo','Rock',NULL,410,70,100,115,30,65,30,0,0)
,('#0186','Politoed','Water',NULL,500,90,75,75,90,100,70,0,0)
,('#0187','Hoppip','Grass','Flying',250,35,35,40,35,55,50,0,0)
,('#0188','Skiploom','Grass','Flying',340,55,45,50,45,65,80,0,0)
,('#0189','Jumpluff','Grass','Flying',460,75,55,70,55,95,110,0,0)
,('#0190','Aipom','Normal',NULL,360,55,70,55,40,55,85,0,0)
,('#0191','Sunkern','Grass',NULL,180,30,30,30,30,30,30,0,0)
,('#0192','Sunflora','Grass',NULL,425,75,75,55,105,85,30,0,0)
,('#0193','Yanma','Bug','Flying',390,65,65,45,75,45,95,0,0)
,('#0194','Wooper','Water','Ground',210,55,45,45,25,25,15,0,0)
,('#0195','Quagsire','Water','Ground',430,95,85,85,65,65,35,0,0)
,('#0196','Espeon','Psychic',NULL,525,65,65,60,130,95,110,0,0)
,('#0197','Umbreon','Dark',NULL,525,95,65,110,60,130,65,0,0)
,('#0198','Murkrow','Dark','Flying',405,60,85,42,85,42,91,0,0)
,('#0199','Slowking','Water','Psychic',490,95,75,80,100,110,30,0,0)
,('#0199','Slowking|Galarian Slowking','Poison','Psychic',490,95,65,80,110,110,30,0,0)
,('#0200','Misdreavus','Ghost',NULL,435,60,60,60,85,85,85,0,0)
,('#0201','Unown','Psychic',NULL,336,48,72,48,72,48,48,0,0)
,('#0202','Wobbuffet','Psychic',NULL,405,190,33,58,33,58,33,0,0)
,('#0203','Girafarig','Normal','Psychic',455,70,80,65,90,65,85,0,0)
,('#0204','Pineco','Bug',NULL,290,50,65,90,35,35,15,0,0)
,('#0205','Forretress','Bug','Steel',465,75,90,140,60,60,40,0,0)
,('#0206','Dunsparce','Normal',NULL,415,100,70,70,65,65,45,0,0)
,('#0207','Gligar','Ground','Flying',430,65,75,105,35,65,85,0,0)
,('#0208','Steelix','Steel','Ground',510,75,85,200,55,65,30,0,0)
,('#0208','Steelix|Mega Steelix','Steel','Ground',610,75,125,230,55,95,30,0,0)
,('#0209','Snubbull','Fairy',NULL,300,60,80,50,40,40,30,0,0)
,('#0210','Granbull','Fairy',NULL,450,90,120,75,60,60,45,0,0)
,('#0211','Qwilfish','Water','Poison',440,65,95,85,55,55,85,0,0)
,('#0211','Qwilfish|Hisuian Qwilfish','Dark','Poison',440,65,95,85,55,55,85,0,0)
,('#0212','Scizor','Bug','Steel',500,70,130,100,55,80,65,0,0)
,('#0212','Scizor|Mega Scizor','Bug','Steel',600,70,150,140,65,100,75,0,0)
,('#0213','Shuckle','Bug','Rock',505,20,10,230,10,230,5,0,0)
,('#0214','Heracross','Bug','Fighting',500,80,125,75,40,95,85,0,0)
,('#0214','Heracross|Mega Heracross','Bug','Fighting',600,80,185,115,40,105,75,0,0)
,('#0215','Sneasel','Dark','Ice',430,55,95,55,35,75,115,0,0)
,('#0215','Sneasel|Hisuian Sneasel','Poison','Fighting',430,55,95,55,35,75,115,0,0)
,('#0216','Teddiursa','Normal',NULL,330,60,80,50,50,50,40,0,0)
,('#0217','Ursaring','Normal',NULL,500,90,130,75,75,75,55,0,0)
,('#0218','Slugma','Fire',NULL,250,40,40,40,70,40,20,0,0)
,('#0219','Magcargo','Fire','Rock',430,60,50,120,90,80,30,0,0)
,('#0220','Swinub','Ice','Ground',250,50,50,40,30,30,50,0,0)
,('#0221','Piloswine','Ice','Ground',450,100,100,80,60,60,50,0,0)
,('#0222','Corsola','Water','Rock',410,65,55,95,65,95,35,0,0)
,('#0222','Corsola|Galarian Corsola','Ghost',NULL,410,60,55,100,65,100,30,0,0)
,('#0223','Remoraid','Water',NULL,300,35,65,35,65,35,65,0,0)
,('#0224','Octillery','Water',NULL,480,75,105,75,105,75,45,0,0)
,('#0225','Delibird','Ice','Flying',330,45,55,45,65,45,75,0,0)
,('#0226','Mantine','Water','Flying',485,85,40,70,80,140,70,0,0)
,('#0227','Skarmory','Steel','Flying',465,65,80,140,40,70,70,0,0)
,('#0228','Houndour','Dark','Fire',330,45,60,30,80,50,65,0,0)
,('#0229','Houndoom','Dark','Fire',500,75,90,50,110,80,95,0,0)
,('#0229','Houndoom|Mega Houndoom','Dark','Fire',600,75,90,90,140,90,115,0,0)
,('#0230','Kingdra','Water','Dragon',540,75,95,95,95,95,85,0,0)
,('#0231','Phanpy','Ground',NULL,330,90,60,60,40,40,40,0,0)
,('#0232','Donphan','Ground',NULL,500,90,120,120,60,60,50,0,0)
,('#0233','Porygon2','Normal',NULL,515,85,80,90,105,95,60,0,0)
,('#0234','Stantler','Normal',NULL,465,73,95,62,85,65,85,0,0)
,('#0235','Smeargle','Normal',NULL,250,55,20,35,20,45,75,0,0)
,('#0236','Tyrogue','Fighting',NULL,210,35,35,35,35,35,35,0,0)
,('#0237','Hitmontop','Fighting',NULL,455,50,95,95,35,110,70,0,0)
,('#0238','Smoochum','Ice','Psychic',305,45,30,15,85,65,65,0,0)
,('#0239','Elekid','Electric',NULL,360,45,63,37,65,55,95,0,0)
,('#0240','Magby','Fire',NULL,365,45,75,37,70,55,83,0,0)
,('#0241','Miltank','Normal',NULL,490,95,80,105,40,70,100,0,0)
,('#0242','Blissey','Normal',NULL,540,255,10,10,75,135,55,0,0)
,('#0243','Raikou','Electric',NULL,580,90,85,75,115,100,115,0,0)
,('#0244','Entei','Fire',NULL,580,115,115,85,90,75,100,0,0)
,('#0245','Suicune','Water',NULL,580,100,75,115,90,115,85,0,0)
,('#0246','Larvitar','Rock','Ground',300,50,64,50,45,50,41,0,0)
,('#0247','Pupitar','Rock','Ground',410,70,84,70,65,70,51,0,0)
,('#0248','Tyranitar','Rock','Dark',600,100,134,110,95,100,61,0,0)
,('#0248','Tyranitar|Mega Tyranitar','Rock','Dark',700,100,164,150,95,120,71,0,0)
,('#0249','Lugia','Psychic','Flying',680,106,90,130,90,154,110,0,0)
,('#0250','Ho-oh','Fire','Flying',680,106,130,90,110,154,90,0,0)
,('#0251','Celebi','Psychic','Grass',600,100,100,100,100,100,100,0,0)
,('#0252','Treecko','Grass',NULL,310,40,45,35,65,55,70,0,0)
,('#0253','Grovyle','Grass',NULL,405,50,65,45,85,65,95,0,0)
,('#0254','Sceptile','Grass',NULL,530,70,85,65,105,85,120,0,0)
,('#0254','Sceptile|Mega Sceptile','Grass','Dragon',630,70,110,75,145,85,145,0,0)
,('#0255','Torchic','Fire',NULL,310,45,60,40,70,50,45,0,0)
,('#0256','Combusken','Fire','Fighting',405,60,85,60,85,60,55,0,0)
,('#0257','Blaziken','Fire','Fighting',530,80,120,70,110,70,80,0,0)
,('#0257','Blaziken|Mega Blaziken','Fire','Fighting',630,80,160,80,130,80,100,0,0)
,('#0258','Mudkip','Water',NULL,310,50,70,50,50,50,40,0,0)
,('#0259','Marshtomp','Water','Ground',405,70,85,70,60,70,50,0,0)
,('#0260','Swampert','Water','Ground',535,100,110,90,85,90,60,0,0)
,('#0260','Swampert|Mega Swampert','Water','Ground',635,100,150,110,95,110,70,0,0)
,('#0261','Poochyena','Dark',NULL,220,35,55,35,30,30,35,0,0)
,('#0262','Mightyena','Dark',NULL,420,70,90,70,60,60,70,0,0)
,('#0263','Zigzagoon','Normal',NULL,240,38,30,41,30,41,60,0,0)
,('#0263','Zigzagoon|Galarian Zigzagoon','Dark','Normal',240,38,30,41,30,41,60,0,0)
,('#0264','Linoone','Normal',NULL,420,78,70,61,50,61,100,0,0)
,('#0264','Linoone|Galarian Linoone','Dark','Normal',420,78,70,61,50,61,100,0,0)
,('#0265','Wurmple','Bug',NULL,195,45,45,35,20,30,20,0,0)
,('#0266','Silcoon','Bug',NULL,205,50,35,55,25,25,15,0,0)
,('#0267','Beautifly','Bug','Flying',395,60,70,50,100,50,65,0,0)
,('#0268','Cascoon','Bug',NULL,205,50,35,55,25,25,15,0,0)
,('#0269','Dustox','Bug','Poison',385,60,50,70,50,90,65,0,0)
,('#0270','Lotad','Water','Grass',220,40,30,30,40,50,30,0,0)
,('#0271','Lombre','Water','Grass',340,60,50,50,60,70,50,0,0)
,('#0272','Ludicolo','Water','Grass',480,80,70,70,90,100,70,0,0)
,('#0273','Seedot','Grass',NULL,220,40,40,50,30,30,30,0,0)
,('#0274','Nuzleaf','Grass','Dark',340,70,70,40,60,40,60,0,0)
,('#0275','Shiftry','Grass','Dark',480,90,100,60,90,60,80,0,0)
,('#0276','Taillow','Normal','Flying',270,40,55,30,30,30,85,0,0)
,('#0277','Swellow','Normal','Flying',455,60,85,60,75,50,125,0,0)
,('#0278','Wingull','Water','Flying',270,40,30,30,55,30,85,0,0)
,('#0279','Pelipper','Water','Flying',440,60,50,100,95,70,65,0,0)
,('#0280','Ralts','Psychic','Fairy',198,28,25,25,45,35,40,0,0)
,('#0281','Kirlia','Psychic','Fairy',278,38,35,35,65,55,50,0,0)
,('#0282','Gardevoir','Psychic','Fairy',518,68,65,65,125,115,80,0,0)
,('#0282','Gardevoir|Mega Gardevoir','Psychic','Fairy',618,68,85,65,165,135,100,0,0)
,('#0283','Surskit','Bug','Water',269,40,30,32,50,52,65,0,0)
,('#0284','Masquerain','Bug','Flying',454,70,60,62,100,82,80,0,0)
,('#0285','Shroomish','Grass',NULL,295,60,40,60,40,60,35,0,0)
,('#0286','Breloom','Grass','Fighting',460,60,130,80,60,60,70,0,0)
,('#0287','Slakoth','Normal',NULL,280,60,60,60,35,35,30,0,0)
,('#0288','Vigoroth','Normal',NULL,440,80,80,80,55,55,90,0,0)
,('#0289','Slaking','Normal',NULL,670,150,160,100,95,65,100,0,0)
,('#0290','Nincada','Bug','Ground',266,31,45,90,30,30,40,0,0)
,('#0291','Ninjask','Bug','Flying',456,61,90,45,50,50,160,0,0)
,('#0292','Shedinja','Bug','Ghost',236,1,90,45,30,30,40,0,0)
,('#0293','Whismur','Normal',NULL,240,64,51,23,51,23,28,0,0)
,('#0294','Loudred','Normal',NULL,360,84,71,43,71,43,48,0,0)
,('#0295','Exploud','Normal',NULL,490,104,91,63,91,73,68,0,0)
,('#0296','Makuhita','Fighting',NULL,237,72,60,30,20,30,25,0,0)
,('#0297','Hariyama','Fighting',NULL,474,144,120,60,40,60,50,0,0)
,('#0298','Azurill','Normal','Fairy',190,50,20,40,20,40,20,0,0)
,('#0299','Nosepass','Rock',NULL,375,30,45,135,45,90,30,0,0)
,('#0300','Skitty','Normal',NULL,260,50,45,45,35,35,50,0,0)
,('#0301','Delcatty','Normal',NULL,400,70,65,65,55,55,90,0,0)
,('#0302','Sableye','Dark','Ghost',380,50,75,75,65,65,50,0,0)
,('#0302','Sableye|Mega Sableye','Dark','Ghost',480,50,85,125,85,115,20,0,0)
,('#0303','Mawile','Steel','Fairy',380,50,85,85,55,55,50,0,0)
,('#0303','Mawile|Mega Mawile','Steel','Fairy',480,50,105,125,55,95,50,0,0)
,('#0304','Aron','Steel','Rock',330,50,70,100,40,40,30,0,0)
,('#0305','Lairon','Steel','Rock',430,60,90,140,50,50,40,0,0)
,('#0306','Aggron','Steel','Rock',530,70,110,180,60,60,50,0,0)
,('#0306','Aggron|Mega Aggron','Steel',NULL,630,70,140,230,60,80,50,0,0)
,('#0307','Meditite','Fighting','Psychic',280,30,40,55,40,55,60,0,0)
,('#0308','Medicham','Fighting','Psychic',410,60,60,75,60,75,80,0,0)
,('#0308','Medicham|Mega Medicham','Fighting','Psychic',510,60,100,85,80,85,100,0,0)
,('#0309','Electrike','Electric',NULL,295,40,45,40,65,40,65,0,0)
,('#0310','Manectric','Electric',NULL,475,70,75,60,105,60,105,0,0)
,('#0310','Manectric|Mega Manectric','Electric',NULL,575,70,75,80,135,80,135,0,0)
,('#0311','Plusle','Electric',NULL,405,60,50,40,85,75,95,0,0)
,('#0312','Minun','Electric',NULL,405,60,40,50,75,85,95,0,0)
,('#0313','Volbeat','Bug',NULL,430,65,73,75,47,85,85,0,0)
,('#0314','Illumise','Bug',NULL,430,65,47,75,73,85,85,0,0)
,('#0315','Roselia','Grass','Poison',400,50,60,45,100,80,65,0,0)
,('#0316','Gulpin','Poison',NULL,302,70,43,53,43,53,40,0,0)
,('#0317','Swalot','Poison',NULL,467,100,73,83,73,83,55,0,0)
,('#0318','Carvanha','Water','Dark',305,45,90,20,65,20,65,0,0)
,('#0319','Sharpedo','Water','Dark',460,70,120,40,95,40,95,0,0)
,('#0319','Sharpedo|Mega Sharpedo','Water','Dark',560,70,140,70,110,65,105,0,0)
,('#0320','Wailmer','Water',NULL,400,130,70,35,70,35,60,0,0)
,('#0321','Wailord','Water',NULL,500,170,90,45,90,45,60,0,0)
,('#0322','Numel','Fire','Ground',305,60,60,40,65,45,35,0,0)
,('#0323','Camerupt','Fire','Ground',460,70,100,70,105,75,40,0,0)
,('#0323','Camerupt|Mega Camerupt','Fire','Ground',560,70,120,100,145,105,20,0,0)
,('#0324','Torkoal','Fire',NULL,470,70,85,140,85,70,20,0,0)
,('#0325','Spoink','Psychic',NULL,330,60,25,35,70,80,60,0,0)
,('#0326','Grumpig','Psychic',NULL,470,80,45,65,90,110,80,0,0)
,('#0327','Spinda','Normal',NULL,360,60,60,60,60,60,60,0,0)
,('#0328','Trapinch','Ground',NULL,290,45,100,45,45,45,10,0,0)
,('#0329','Vibrava','Ground','Dragon',340,50,70,50,50,50,70,0,0)
,('#0330','Flygon','Ground','Dragon',520,80,100,80,80,80,100,0,0)
,('#0331','Cacnea','Grass',NULL,335,50,85,40,85,40,35,0,0)
,('#0332','Cacturne','Grass','Dark',475,70,115,60,115,60,55,0,0)
,('#0333','Swablu','Normal','Flying',310,45,40,60,40,75,50,0,0)
,('#0334','Altaria','Dragon','Flying',490,75,70,90,70,105,80,0,0)
,('#0334','Altaria|Mega Altaria','Dragon','Fairy',590,75,110,110,110,105,80,0,0)
,('#0335','Zangoose','Normal',NULL,458,73,115,60,60,60,90,0,0)
,('#0336','Seviper','Poison',NULL,458,73,100,60,100,60,65,0,0)
,('#0337','Lunatone','Rock','Psychic',460,90,55,65,95,85,70,0,0)
,('#0338','Solrock','Rock','Psychic',460,90,95,85,55,65,70,0,0)
,('#0339','Barboach','Water','Ground',288,50,48,43,46,41,60,0,0)
,('#0340','Whiscash','Water','Ground',468,110,78,73,76,71,60,0,0)
,('#0341','Corphish','Water',NULL,308,43,80,65,50,35,35,0,0)
,('#0342','Crawdaunt','Water','Dark',468,63,120,85,90,55,55,0,0)
,('#0343','Baltoy','Ground','Psychic',300,40,40,55,40,70,55,0,0)
,('#0344','Claydol','Ground','Psychic',500,60,70,105,70,120,75,0,0)
,('#0345','Lileep','Rock','Grass',355,66,41,77,61,87,23,0,0)
,('#0346','Cradily','Rock','Grass',495,86,81,97,81,107,43,0,0)
,('#0347','Anorith','Rock','Bug',355,45,95,50,40,50,75,0,0)
,('#0348','Armaldo','Rock','Bug',495,75,125,100,70,80,45,0,0)
,('#0349','Feebas','Water',NULL,200,20,15,20,10,55,80,0,0)
,('#0350','Milotic','Water',NULL,540,95,60,79,100,125,81,0,0)
,('#0351','Castform','Normal',NULL,420,70,70,70,70,70,70,0,0)
,('#0351','Castform|Sunny Form','Fire',NULL,420,70,70,70,70,70,70,0,0)
,('#0351','Castform|Rainy Form','Water',NULL,420,70,70,70,70,70,70,0,0)
,('#0351','Castform|Snowy Form','Ice',NULL,420,70,70,70,70,70,70,0,0)
,('#0352','Kecleon','Normal',NULL,440,60,90,70,60,120,40,0,0)
,('#0353','Shuppet','Ghost',NULL,295,44,75,35,63,33,45,0,0)
,('#0354','Banette','Ghost',NULL,455,64,115,65,83,63,65,0,0)
,('#0354','Banette|Mega Banette','Ghost',NULL,555,64,165,75,93,83,75,0,0)
,('#0355','Duskull','Ghost',NULL,295,20,40,90,30,90,25,0,0)
,('#0356','Dusclops','Ghost',NULL,455,40,70,130,60,130,25,0,0)
,('#0357','Tropius','Grass','Flying',460,99,68,83,72,87,51,0,0)
,('#0358','Chimecho','Psychic',NULL,455,75,50,80,95,90,65,0,0)
,('#0359','Absol','Dark',NULL,465,65,130,60,75,60,75,0,0)
,('#0359','Absol|Mega Absol','Dark',NULL,565,65,150,60,115,60,115,0,0)
,('#0360','Wynaut','Psychic',NULL,260,95,23,48,23,48,23,0,0)
,('#0361','Snorunt','Ice',NULL,300,50,50,50,50,50,50,0,0)
,('#0362','Glalie','Ice',NULL,480,80,80,80,80,80,80,0,0)
,('#0362','Glalie|Mega Glalie','Ice',NULL,580,80,120,80,120,80,100,0,0)
,('#0363','Spheal','Ice','Water',290,70,40,50,55,50,25,0,0)
,('#0364','Sealeo','Ice','Water',410,90,60,70,75,70,45,0,0)
,('#0365','Walrein','Ice','Water',530,110,80,90,95,90,65,0,0)
,('#0366','Clamperl','Water',NULL,345,35,64,85,74,55,32,0,0)
,('#0367','Huntail','Water',NULL,485,55,104,105,94,75,52,0,0)
,('#0368','Gorebyss','Water',NULL,485,55,84,105,114,75,52,0,0)
,('#0369','Relicanth','Water','Rock',485,100,90,130,45,65,55,0,0)
,('#0370','Luvdisc','Water',NULL,330,43,30,55,40,65,97,0,0)
,('#0371','Bagon','Dragon',NULL,300,45,75,60,40,30,50,0,0)
,('#0372','Shelgon','Dragon',NULL,420,65,95,100,60,50,50,0,0)
,('#0373','Salamence','Dragon','Flying',600,95,135,80,110,80,100,0,0)
,('#0373','Salamence|Mega Salamence','Dragon','Flying',700,95,145,130,120,90,120,0,0)
,('#0374','Beldum','Steel','Psychic',300,40,55,80,35,60,30,0,0)
,('#0375','Metang','Steel','Psychic',420,60,75,100,55,80,50,0,0)
,('#0376','Metagross','Steel','Psychic',600,80,135,130,95,90,70,0,0)
,('#0376','Metagross|Mega Metagross','Steel','Psychic',700,80,145,150,105,110,110,0,0)
,('#0377','Regirock','Rock',NULL,580,80,100,200,50,100,50,0,0)
,('#0378','Regice','Ice',NULL,580,80,50,100,100,200,50,0,0)
,('#0379','Registeel','Steel',NULL,580,80,75,150,75,150,50,0,0)
,('#0380','Latias','Dragon','Psychic',600,80,80,90,110,130,110,0,0)
,('#0380','Latias|Mega Latias','Dragon','Psychic',700,80,100,120,140,150,110,0,0)
,('#0381','Latios','Dragon','Psychic',600,80,90,80,130,110,110,0,0)
,('#0381','Latios|Mega Latios','Dragon','Psychic',700,80,130,100,160,120,110,0,0)
,('#0382','Kyogre','Water',NULL,670,100,100,90,150,140,90,0,0)
,('#0382','Kyogre|Primal Kyogre','Water',NULL,770,100,150,90,180,160,90,0,0)
,('#0383','Groudon','Ground',NULL,670,100,150,140,100,90,90,0,0)
,('#0383','Groudon|Primal Groudon','Ground','Fire',770,100,180,160,150,90,90,0,0)
,('#0384','Rayquaza','Dragon','Flying',680,105,150,90,150,90,95,0,0)
,('#0384','Rayquaza|Mega Rayquaza','Dragon','Flying',780,105,180,100,180,100,115,0,0)
,('#0385','Jirachi','Steel','Psychic',600,100,100,100,100,100,100,0,0)
,('#0386','Deoxys|Normal Forme','Psychic',NULL,600,50,150,50,150,50,150,0,0)
,('#0386','Deoxys|Attack Forme','Psychic',NULL,600,50,180,20,180,20,150,0,0)
,('#0386','Deoxys|Defense Forme','Psychic',NULL,600,50,70,160,70,160,90,0,0)
,('#0386','Deoxys|Speed Forme','Psychic',NULL,600,50,95,90,95,90,180,0,0)
,('#0387','Turtwig','Grass',NULL,318,55,68,64,45,55,31,0,0)
,('#0388','Grotle','Grass',NULL,405,75,89,85,55,65,36,0,0)
,('#0389','Torterra','Grass','Ground',525,95,109,105,75,85,56,0,0)
,('#0390','Chimchar','Fire',NULL,309,44,58,44,58,44,61,0,0)
,('#0391','Monferno','Fire','Fighting',405,64,78,52,78,52,81,0,0)
,('#0392','Infernape','Fire','Fighting',534,76,104,71,104,71,108,0,0)
,('#0393','Piplup','Water',NULL,314,53,51,53,61,56,40,0,0)
,('#0394','Prinplup','Water',NULL,405,64,66,68,81,76,50,0,0)
,('#0395','Empoleon','Water','Steel',530,84,86,88,111,101,60,0,0)
,('#0396','Starly','Normal','Flying',245,40,55,30,30,30,60,0,0)
,('#0397','Staravia','Normal','Flying',340,55,75,50,40,40,80,0,0)
,('#0398','Staraptor','Normal','Flying',485,85,120,70,50,60,100,0,0)
,('#0399','Bidoof','Normal',NULL,250,59,45,40,35,40,31,0,0)
,('#0400','Bibarel','Normal','Water',410,79,85,60,55,60,71,0,0)
,('#0401','Kricketot','Bug',NULL,194,37,25,41,25,41,25,0,0)
,('#0402','Kricketune','Bug',NULL,384,77,85,51,55,51,65,0,0)
,('#0403','Shinx','Electric',NULL,263,45,65,34,40,34,45,0,0)
,('#0404','Luxio','Electric',NULL,363,60,85,49,60,49,60,0,0)
,('#0405','Luxray','Electric',NULL,523,80,120,79,95,79,70,0,0)
,('#0406','Budew','Grass','Poison',280,40,30,35,50,70,55,0,0)
,('#0407','Roserade','Grass','Poison',515,60,70,65,125,105,90,0,0)
,('#0408','Cranidos','Rock',NULL,350,67,125,40,30,30,58,0,0)
,('#0409','Rampardos','Rock',NULL,495,97,165,60,65,50,58,0,0)
,('#0410','Shieldon','Rock','Steel',350,30,42,118,42,88,30,0,0)
,('#0411','Bastiodon','Rock','Steel',495,60,52,168,47,138,30,0,0)
,('#0412','Burmy|Plant Cloak','Bug',NULL,224,40,29,45,29,45,36,0,0)
,('#0412','Burmy|Sandy Cloak','Bug',NULL,224,40,29,45,29,45,36,0,0)
,('#0412','Burmy|Trash Cloak','Bug',NULL,224,40,29,45,29,45,36,0,0)
,('#0413','Wormadam|Plant Cloak','Bug','Grass',424,60,59,85,79,105,36,0,0)
,('#0413','Wormadam|Sandy Cloak','Bug','Ground',424,60,79,105,59,85,36,0,0)
,('#0413','Wormadam|Trash Cloak','Bug','Steel',424,60,69,95,69,95,36,0,0)
,('#0414','Mothim','Bug','Flying',424,70,94,50,94,50,66,0,0)
,('#0415','Combee','Bug','Flying',244,30,30,42,30,42,70,0,0)
,('#0416','Vespiquen','Bug','Flying',474,70,80,102,80,102,40,0,0)
,('#0417','Pachirisu','Electric',NULL,405,60,45,70,45,90,95,0,0)
,('#0418','Buizel','Water',NULL,330,55,65,35,60,30,85,0,0)
,('#0419','Floatzel','Water',NULL,495,85,105,55,85,50,115,0,0)
,('#0420','Cherubi','Grass',NULL,275,45,35,45,62,53,35,0,0)
,('#0421','Cherrim','Grass',NULL,450,70,60,70,87,78,85,0,0)
,('#0422','Shellos','Water',NULL,325,76,48,48,57,62,34,0,0)
,('#0423','Gastrodon','Water','Ground',475,111,83,68,92,82,39,0,0)
,('#0424','Ambipom','Normal',NULL,482,75,100,66,60,66,115,0,0)
,('#0425','Drifloon','Ghost','Flying',348,90,50,34,60,44,70,0,0)
,('#0426','Drifblim','Ghost','Flying',498,150,80,44,90,54,80,0,0)
,('#0427','Buneary','Normal',NULL,350,55,66,44,44,56,85,0,0)
,('#0428','Lopunny','Normal',NULL,480,65,76,84,54,96,105,0,0)
,('#0428','Lopunny|Mega Lopunny','Normal','Fighting',580,65,136,94,54,96,135,0,0)
,('#0429','Mismagius','Ghost',NULL,495,60,60,60,105,105,105,0,0)
,('#0430','Honchkrow','Dark','Flying',505,100,125,52,105,52,71,0,0)
,('#0431','Glameow','Normal',NULL,310,49,55,42,42,37,85,0,0)
,('#0432','Purugly','Normal',NULL,452,71,82,64,64,59,112,0,0)
,('#0433','Chingling','Psychic',NULL,285,45,30,50,65,50,45,0,0)
,('#0434','Stunky','Poison','Dark',329,63,63,47,41,41,74,0,0)
,('#0435','Skuntank','Poison','Dark',479,103,93,67,71,61,84,0,0)
,('#0436','Bronzor','Steel','Psychic',300,57,24,86,24,86,23,0,0)
,('#0437','Bronzong','Steel','Psychic',500,67,89,116,79,116,33,0,0)
,('#0438','Bonsly','Rock',NULL,290,50,80,95,10,45,10,0,0)
,('#0439','Mime Jr.','Psychic','Fairy',310,20,25,45,70,90,60,0,0)
,('#0440','Happiny','Normal',NULL,220,100,5,5,15,65,30,0,0)
,('#0441','Chatot','Normal','Flying',411,76,65,45,92,42,91,0,0)
,('#0442','Spiritomb','Ghost','Dark',485,50,92,108,92,108,35,0,0)
,('#0443','Gible','Dragon','Ground',300,58,70,45,40,45,42,0,0)
,('#0444','Gabite','Dragon','Ground',410,68,90,65,50,55,82,0,0)
,('#0445','Garchomp','Dragon','Ground',600,108,130,95,80,85,102,0,0)
,('#0445','Garchomp|Mega Garchomp','Dragon','Ground',700,108,170,115,120,95,92,0,0)
,('#0446','Munchlax','Normal',NULL,390,135,85,40,40,85,5,0,0)
,('#0447','Riolu','Fighting',NULL,285,40,70,40,35,40,60,0,0)
,('#0448','Lucario','Fighting','Steel',525,70,110,70,115,70,90,0,0)
,('#0448','Lucario|Mega Lucario','Fighting','Steel',625,70,145,88,140,70,112,0,0)
,('#0449','Hippopotas','Ground',NULL,330,68,72,78,38,42,32,0,0)
,('#0450','Hippowdon','Ground',NULL,525,108,112,118,68,72,47,0,0)
,('#0451','Skorupi','Poison','Bug',330,40,50,90,30,55,65,0,0)
,('#0452','Drapion','Poison','Dark',500,70,90,110,60,75,95,0,0)
,('#0453','Croagunk','Poison','Fighting',300,48,61,40,61,40,50,0,0)
,('#0454','Toxicroak','Poison','Fighting',490,83,106,65,86,65,85,0,0)
,('#0455','Carnivine','Grass',NULL,454,74,100,72,90,72,46,0,0)
,('#0456','Finneon','Water',NULL,330,49,49,56,49,61,66,0,0)
,('#0457','Lumineon','Water',NULL,460,69,69,76,69,86,91,0,0)
,('#0458','Mantyke','Water','Flying',345,45,20,50,60,120,50,0,0)
,('#0459','Snover','Grass','Ice',334,60,62,50,62,60,40,0,0)
,('#0460','Abomasnow','Grass','Ice',494,90,92,75,92,85,60,0,0)
,('#0460','Abomasnow|Mega Abomasnow','Grass','Ice',594,90,132,105,132,105,30,0,0)
,('#0461','Weavile','Dark','Ice',510,70,120,65,45,85,125,0,0)
,('#0462','Magnezone','Electric','Steel',535,70,70,115,130,90,60,0,0)
,('#0463','Lickilicky','Normal',NULL,515,110,85,95,80,95,50,0,0)
,('#0464','Rhyperior','Ground','Rock',535,115,140,130,55,55,40,0,0)
,('#0465','Tangrowth','Grass',NULL,535,100,100,125,110,50,50,0,0)
,('#0466','Electivire','Electric',NULL,540,75,123,67,95,85,95,0,0)
,('#0467','Magmortar','Fire',NULL,540,75,95,67,125,95,83,0,0)
,('#0468','Togekiss','Fairy','Flying',545,85,50,95,120,115,80,0,0)
,('#0469','Yanmega','Bug','Flying',515,86,76,86,116,56,95,0,0)
,('#0470','Leafeon','Grass',NULL,525,65,110,130,60,65,95,0,0)
,('#0471','Glaceon','Ice',NULL,525,65,60,110,130,95,65,0,0)
,('#0472','Gliscor','Ground','Flying',510,75,95,125,45,75,95,0,0)
,('#0473','Mamoswine','Ice','Ground',530,110,130,80,70,60,80,0,0)
,('#0474','Porygon-Z','Normal',NULL,535,85,80,70,135,75,90,0,0)
,('#0475','Gallade','Psychic','Fighting',518,68,125,65,65,115,80,0,0)
,('#0475','Gallade|Mega Gallade','Psychic','Fighting',618,68,165,95,65,115,110,0,0)
,('#0476','Probopass','Rock','Steel',525,60,55,145,75,150,40,0,0)
,('#0477','Dusknoir','Ghost',NULL,525,45,100,135,65,135,45,0,0)
,('#0478','Froslass','Ice','Ghost',480,70,80,70,80,70,110,0,0)
,('#0479','Rotom','Electric','Ghost',440,50,50,77,95,77,91,0,0)
,('#0479','Rotom|Heat Rotom','Electric','Fire',520,50,65,107,105,107,86,0,0)
,('#0479','Rotom|Wash Rotom','Electric','Water',520,50,65,107,105,107,86,0,0)
,('#0479','Rotom|Frost Rotom','Electric','Ice',520,50,65,107,105,107,86,0,0)
,('#0479','Rotom|Fan Rotom','Electric','Flying',520,50,65,107,105,107,86,0,0)
,('#0479','Rotom|Mow Rotom','Electric','Grass',520,50,65,107,105,107,86,0,0)
,('#0480','Uxie','Psychic',NULL,580,75,75,130,75,130,95,0,0)
,('#0481','Mesprit','Psychic',NULL,580,80,105,105,105,105,80,0,0)
,('#0482','Azelf','Psychic',NULL,580,75,125,70,125,70,115,0,0)
,('#0483','Dialga','Steel','Dragon',680,100,120,120,150,100,90,0,0)
,('#0483','Dialga|Origin Forme','Steel','Dragon',680,100,100,120,150,120,90,0,0)
,('#0484','Palkia','Water','Dragon',680,90,120,100,150,120,100,0,0)
,('#0484','Palkia|Origin Forme','Water','Dragon',680,90,100,100,150,120,120,0,0)
,('#0485','Heatran','Fire','Steel',600,91,90,106,130,106,77,0,0)
,('#0486','Regigigas','Normal',NULL,670,110,160,110,80,110,100,0,0)
,('#0487','Giratina|Altered Forme','Ghost','Dragon',680,150,100,120,100,120,90,0,0)
,('#0487','Giratina|Origin Forme','Ghost','Dragon',680,150,120,100,120,100,90,0,0)
,('#0488','Cresselia','Psychic',NULL,600,120,70,120,75,130,85,0,0)
,('#0489','Phione','Water',NULL,480,80,80,80,80,80,80,0,0)
,('#0490','Manaphy','Water',NULL,600,100,100,100,100,100,100,0,0)
,('#0491','Darkrai','Dark',NULL,600,70,90,90,135,90,125,0,0)
,('#0492','Shaymin|Land Forme','Grass',NULL,600,100,100,100,100,100,100,0,0)
,('#0492','Shaymin|Sky Forme','Grass','Flying',600,100,103,75,120,75,127,0,0)
,('#0493','Arceus','Normal',NULL,720,120,120,120,120,120,120,0,0)
,('#0494','Victini','Psychic','Fire',600,100,100,100,100,100,100,0,0)
,('#0495','Snivy','Grass',NULL,308,45,45,55,45,55,63,0,0)
,('#0496','Servine','Grass',NULL,413,60,60,75,60,75,83,0,0)
,('#0497','Serperior','Grass',NULL,528,75,75,95,75,95,113,0,0)
,('#0498','Tepig','Fire',NULL,308,65,63,45,45,45,45,0,0)
,('#0499','Pignite','Fire','Fighting',418,90,93,55,70,55,55,0,0)
,('#0500','Emboar','Fire','Fighting',528,110,123,65,100,65,65,0,0)
,('#0501','Oshawott','Water',NULL,308,55,55,45,63,45,45,0,0)
,('#0502','Dewott','Water',NULL,413,75,75,60,83,60,60,0,0)
,('#0503','Samurott','Water',NULL,528,95,100,85,108,70,70,0,0)
,('#0503','Samurott|Hisuian Samurott','Water','Dark',528,90,108,80,100,65,85,0,0)
,('#0504','Patrat','Normal',NULL,255,45,55,39,35,39,42,0,0)
,('#0505','Watchog','Normal',NULL,420,60,85,69,60,69,77,0,0)
,('#0506','Lillipup','Normal',NULL,275,45,60,45,25,45,55,0,0)
,('#0507','Herdier','Normal',NULL,370,65,80,65,35,65,60,0,0)
,('#0508','Stoutland','Normal',NULL,500,85,110,90,45,90,80,0,0)
,('#0509','Purrloin','Dark',NULL,281,41,50,37,50,37,66,0,0)
,('#0510','Liepard','Dark',NULL,446,64,88,50,88,50,106,0,0)
,('#0511','Pansage','Grass',NULL,316,50,53,48,53,48,64,0,0)
,('#0512','Simisage','Grass',NULL,498,75,98,63,98,63,101,0,0)
,('#0513','Pansear','Fire',NULL,316,50,53,48,53,48,64,0,0)
,('#0514','Simisear','Fire',NULL,498,75,98,63,98,63,101,0,0)
,('#0515','Panpour','Water',NULL,316,50,53,48,53,48,64,0,0)
,('#0516','Simipour','Water',NULL,498,75,98,63,98,63,101,0,0)
,('#0517','Munna','Psychic',NULL,292,76,25,45,67,55,24,0,0)
,('#0518','Musharna','Psychic',NULL,487,116,55,85,107,95,29,0,0)
,('#0519','Pidove','Normal','Flying',264,50,55,50,36,30,43,0,0)
,('#0520','Tranquill','Normal','Flying',358,62,77,62,50,42,65,0,0)
,('#0521','Unfezant','Normal','Flying',488,80,115,80,65,55,93,0,0)
,('#0522','Blitzle','Electric',NULL,295,45,60,32,50,32,76,0,0)
,('#0523','Zebstrika','Electric',NULL,497,75,100,63,80,63,116,0,0)
,('#0524','Roggenrola','Rock',NULL,280,55,75,85,25,25,15,0,0)
,('#0525','Boldore','Rock',NULL,390,70,105,105,50,40,20,0,0)
,('#0526','Gigalith','Rock',NULL,515,85,135,130,60,80,25,0,0)
,('#0527','Woobat','Psychic','Flying',323,65,45,43,55,43,72,0,0)
,('#0528','Swoobat','Psychic','Flying',425,67,57,55,77,55,114,0,0)
,('#0529','Drilbur','Ground',NULL,328,60,85,40,30,45,68,0,0)
,('#0530','Excadrill','Ground','Steel',508,110,135,60,50,65,88,0,0)
,('#0531','Audino','Normal',NULL,445,103,60,86,60,86,50,0,0)
,('#0531','Audino|Mega Audino','Normal','Fairy',545,103,60,126,80,126,50,0,0)
,('#0532','Timburr','Fighting',NULL,305,75,80,55,25,35,35,0,0)
,('#0533','Gurdurr','Fighting',NULL,405,85,105,85,40,50,40,0,0)
,('#0534','Conkeldurr','Fighting',NULL,505,105,140,95,55,65,45,0,0)
,('#0535','Tympole','Water',NULL,294,50,50,40,50,40,64,0,0)
,('#0536','Palpitoad','Water','Ground',384,75,65,55,65,55,69,0,0)
,('#0537','Seismitoad','Water','Ground',509,105,95,75,85,75,74,0,0)
,('#0538','Throh','Fighting',NULL,465,120,100,85,30,85,45,0,0)
,('#0539','Sawk','Fighting',NULL,465,75,125,75,30,75,85,0,0)
,('#0540','Sewaddle','Bug','Grass',310,45,53,70,40,60,42,0,0)
,('#0541','Swadloon','Bug','Grass',380,55,63,90,50,80,42,0,0)
,('#0542','Leavanny','Bug','Grass',500,75,103,80,70,80,92,0,0)
,('#0543','Venipede','Bug','Poison',260,30,45,59,30,39,57,0,0)
,('#0544','Whirlipede','Bug','Poison',360,40,55,99,40,79,47,0,0)
,('#0545','Scolipede','Bug','Poison',485,60,100,89,55,69,112,0,0)
,('#0546','Cottonee','Grass','Fairy',280,40,27,60,37,50,66,0,0)
,('#0547','Whimsicott','Grass','Fairy',480,60,67,85,77,75,116,0,0)
,('#0548','Petilil','Grass',NULL,280,45,35,50,70,50,30,0,0)
,('#0549','Lilligant','Grass',NULL,480,70,60,75,110,75,90,0,0)
,('#0549','Lilligant|Hisuian Lilligant','Grass','Fighting',480,70,105,75,50,75,105,0,0)
,('#0550','Basculin|Red-Striped Form','Water',NULL,460,70,92,65,80,55,98,0,0)
,('#0550','Basculin|Blue-Striped Form','Water',NULL,460,70,92,65,80,55,98,0,0)
,('#0550','Basculin|White-Striped Form','Water',NULL,460,70,92,65,80,55,98,0,0)
,('#0551','Sandile','Ground','Dark',292,50,72,35,35,35,65,0,0)
,('#0552','Krokorok','Ground','Dark',351,60,82,45,45,45,74,0,0)
,('#0553','Krookodile','Ground','Dark',519,95,117,80,65,70,92,0,0)
,('#0554','Darumaka','Fire',NULL,315,70,90,45,15,45,50,0,0)
,('#0554','Darumaka|Galarian Darumaka','Ice',NULL,315,70,90,45,15,45,50,0,0)
,('#0555','Darmanitan|Standard Mode','Fire',NULL,480,105,140,55,30,55,95,0,0)
,('#0555','Darmanitan|Zen Mode','Fire','Psychic',540,105,30,105,140,105,55,0,0)
,('#0555','Darmanitan|Galarian Standard Mode','Ice',NULL,480,105,140,55,30,55,95,0,0)
,('#0555','Darmanitan|Galarian Zen Mode','Ice','Fire',540,105,160,55,30,55,135,0,0)
,('#0556','Maractus','Grass',NULL,461,75,86,67,106,67,60,0,0)
,('#0557','Dwebble','Bug','Rock',325,50,65,85,35,35,55,0,0)
,('#0558','Crustle','Bug','Rock',485,70,105,125,65,75,45,0,0)
,('#0559','Scraggy','Dark','Fighting',348,50,75,70,35,70,48,0,0)
,('#0560','Scrafty','Dark','Fighting',488,65,90,115,45,115,58,0,0)
,('#0561','Sigilyph','Psychic','Flying',490,72,58,80,103,80,97,0,0)
,('#0562','Yamask','Ghost',NULL,303,38,30,85,55,65,30,0,0)
,('#0562','Yamask|Galarian Yamask','Ground','Ghost',303,38,55,85,30,65,30,0,0)
,('#0563','Cofagrigus','Ghost',NULL,483,58,50,145,95,105,30,0,0)
,('#0564','Tirtouga','Water','Rock',355,54,78,103,53,45,22,0,0)
,('#0565','Carracosta','Water','Rock',495,74,108,133,83,65,32,0,0)
,('#0566','Archen','Rock','Flying',401,55,112,45,74,45,70,0,0)
,('#0567','Archeops','Rock','Flying',567,75,140,65,112,65,110,0,0)
,('#0568','Trubbish','Poison',NULL,329,50,50,62,40,62,65,0,0)
,('#0569','Garbodor','Poison',NULL,474,80,95,82,60,82,75,0,0)
,('#0570','Zorua','Dark',NULL,330,40,65,40,80,40,65,0,0)
,('#0570','Zorua|Hisuian Zorua','Normal','Ghost',330,35,60,40,85,40,70,0,0)
,('#0571','Zoroark','Dark',NULL,510,60,105,60,120,60,105,0,0)
,('#0571','Zoroark|Hisuian Zoroark','Normal','Ghost',510,55,100,60,125,60,110,0,0)
,('#0572','Minccino','Normal',NULL,300,55,50,40,40,40,75,0,0)
,('#0573','Cinccino','Normal',NULL,470,75,95,60,65,60,115,0,0)
,('#0574','Gothita','Psychic',NULL,290,45,30,50,55,65,45,0,0)
,('#0575','Gothorita','Psychic',NULL,390,60,45,70,75,85,55,0,0)
,('#0576','Gothitelle','Psychic',NULL,490,70,55,95,95,110,65,0,0)
,('#0577','Solosis','Psychic',NULL,290,45,30,40,105,50,20,0,0)
,('#0578','Duosion','Psychic',NULL,370,65,40,50,125,60,30,0,0)
,('#0579','Reuniclus','Psychic',NULL,490,110,65,75,125,85,30,0,0)
,('#0580','Ducklett','Water','Flying',305,62,44,50,44,50,55,0,0)
,('#0581','Swanna','Water','Flying',473,75,87,63,87,63,98,0,0)
,('#0582','Vanillite','Ice',NULL,305,36,50,50,65,60,44,0,0)
,('#0583','Vanillish','Ice',NULL,395,51,65,65,80,75,59,0,0)
,('#0584','Vanilluxe','Ice',NULL,535,71,95,85,110,95,79,0,0)
,('#0585','Deerling','Normal','Grass',335,60,60,50,40,50,75,0,0)
,('#0586','Sawsbuck','Normal','Grass',475,80,100,70,60,70,95,0,0)
,('#0587','Emolga','Electric','Flying',428,55,75,60,75,60,103,0,0)
,('#0588','Karrablast','Bug',NULL,315,50,75,45,40,45,60,0,0)
,('#0589','Escavalier','Bug','Steel',495,70,135,105,60,105,20,0,0)
,('#0590','Foongus','Grass','Poison',294,69,55,45,55,55,15,0,0)
,('#0591','Amoonguss','Grass','Poison',464,114,85,70,85,80,30,0,0)
,('#0592','Frillish','Water','Ghost',335,55,40,50,65,85,40,0,0)
,('#0593','Jellicent','Water','Ghost',480,100,60,70,85,105,60,0,0)
,('#0594','Alomomola','Water',NULL,470,165,75,80,40,45,65,0,0)
,('#0595','Joltik','Bug','Electric',319,50,47,50,57,50,65,0,0)
,('#0596','Galvantula','Bug','Electric',472,70,77,60,97,60,108,0,0)
,('#0597','Ferroseed','Grass','Steel',305,44,50,91,24,86,10,0,0)
,('#0598','Ferrothorn','Grass','Steel',489,74,94,131,54,116,20,0,0)
,('#0599','Klink','Steel',NULL,300,40,55,70,45,60,30,0,0)
,('#0600','Klang','Steel',NULL,440,60,80,95,70,85,50,0,0)
,('#0601','Klinklang','Steel',NULL,520,60,100,115,70,85,90,0,0)
,('#0602','Tynamo','Electric',NULL,275,35,55,40,45,40,60,0,0)
,('#0603','Eelektrik','Electric',NULL,405,65,85,70,75,70,40,0,0)
,('#0604','Eelektross','Electric',NULL,515,85,115,80,105,80,50,0,0)
,('#0605','Elgyem','Psychic',NULL,335,55,55,55,85,55,30,0,0)
,('#0606','Beheeyem','Psychic',NULL,485,75,75,75,125,95,40,0,0)
,('#0607','Litwick','Ghost','Fire',275,50,30,55,65,55,20,0,0)
,('#0608','Lampent','Ghost','Fire',370,60,40,60,95,60,55,0,0)
,('#0609','Chandelure','Ghost','Fire',520,60,55,90,145,90,80,0,0)
,('#0610','Axew','Dragon',NULL,320,46,87,60,30,40,57,0,0)
,('#0611','Fraxure','Dragon',NULL,410,66,117,70,40,50,67,0,0)
,('#0612','Haxorus','Dragon',NULL,540,76,147,90,60,70,97,0,0)
,('#0613','Cubchoo','Ice',NULL,305,55,70,40,60,40,40,0,0)
,('#0614','Beartic','Ice',NULL,505,95,130,80,70,80,50,0,0)
,('#0615','Cryogonal','Ice',NULL,515,80,50,50,95,135,105,0,0)
,('#0616','Shelmet','Bug',NULL,305,50,40,85,40,65,25,0,0)
,('#0617','Accelgor','Bug',NULL,495,80,70,40,100,60,145,0,0)
,('#0618','Stunfisk','Ground','Electric',471,109,66,84,81,99,32,0,0)
,('#0618','Stunfisk|Galarian Stunfisk','Ground','Steel',471,109,81,99,66,84,32,0,0)
,('#0619','Mienfoo','Fighting',NULL,350,45,85,50,55,50,65,0,0)
,('#0620','Mienshao','Fighting',NULL,510,65,125,60,95,60,105,0,0)
,('#0621','Druddigon','Dragon',NULL,485,77,120,90,60,90,48,0,0)
,('#0622','Golett','Ground','Ghost',303,59,74,50,35,50,35,0,0)
,('#0623','Golurk','Ground','Ghost',483,89,124,80,55,80,55,0,0)
,('#0624','Pawniard','Dark','Steel',340,45,85,70,40,40,60,0,0)
,('#0625','Bisharp','Dark','Steel',490,65,125,100,60,70,70,0,0)
,('#0626','Bouffalant','Normal',NULL,490,95,110,95,40,95,55,0,0)
,('#0627','Rufflet','Normal','Flying',350,70,83,50,37,50,60,0,0)
,('#0628','Braviary','Normal','Flying',510,100,123,75,57,75,80,0,0)
,('#0628','Braviary|Hisuian Braviary','Psychic','Flying',510,110,83,70,112,70,65,0,0)
,('#0629','Vullaby','Dark','Flying',370,70,55,75,45,65,60,0,0)
,('#0630','Mandibuzz','Dark','Flying',510,110,65,105,55,95,80,0,0)
,('#0631','Heatmor','Fire',NULL,484,85,97,66,105,66,65,0,0)
,('#0632','Durant','Bug','Steel',484,58,109,112,48,48,109,0,0)
,('#0633','Deino','Dark','Dragon',300,52,65,50,45,50,38,0,0)
,('#0634','Zweilous','Dark','Dragon',420,72,85,70,65,70,58,0,0)
,('#0635','Hydreigon','Dark','Dragon',600,92,105,90,125,90,98,0,0)
,('#0636','Larvesta','Bug','Fire',360,55,85,55,50,55,60,0,0)
,('#0637','Volcarona','Bug','Fire',550,85,60,65,135,105,100,0,0)
,('#0638','Cobalion','Steel','Fighting',580,91,90,129,90,72,108,0,0)
,('#0639','Terrakion','Rock','Fighting',580,91,129,90,72,90,108,0,0)
,('#0640','Virizion','Grass','Fighting',580,91,90,72,90,129,108,0,0)
,('#0641','Tornadus|Incarnate Forme','Flying',NULL,580,79,115,70,125,80,111,0,0)
,('#0641','Tornadus|Therian Forme','Flying',NULL,580,79,100,80,110,90,121,0,0)
,('#0642','Thundurus|Incarnate Forme','Electric','Flying',580,79,115,70,125,80,111,0,0)
,('#0642','Thundurus|Therian Forme','Electric','Flying',580,79,105,70,145,80,101,0,0)
,('#0643','Reshiram','Dragon','Fire',680,100,120,100,150,120,90,0,0)
,('#0644','Zekrom','Dragon','Electric',680,100,150,120,120,100,90,0,0)
,('#0645','Landorus|Incarnate Forme','Ground','Flying',600,89,125,90,115,80,101,0,0)
,('#0645','Landorus|Therian Forme','Ground','Flying',600,89,145,90,105,80,91,0,0)
,('#0646','Kyurem','Dragon','Ice',660,125,130,90,130,90,95,0,0)
,('#0646','Kyurem|Black Kyurem','Dragon','Ice',700,125,170,100,120,90,95,0,0)
,('#0646','Kyurem|White Kyurem','Dragon','Ice',700,125,120,90,170,100,95,0,0)
,('#0647','Keldeo|Ordinary Form','Water','Fighting',580,91,72,90,129,90,108,0,0)
,('#0647','Keldeo|Resolute Form','Water','Fighting',580,91,72,90,129,90,108,0,0)
,('#0648','Meloetta|Aria Forme','Normal','Psychic',600,100,77,77,128,128,90,0,0)
,('#0648','Meloetta|Pirouette Forme','Normal','Fighting',600,100,128,90,77,77,128,0,0)
,('#0649','Genesect','Bug','Steel',600,71,120,95,120,95,99,0,0)
,('#0650','Chespin','Grass',NULL,313,56,61,65,48,45,38,0,0)
,('#0651','Quilladin','Grass',NULL,405,61,78,95,56,58,57,0,0)
,('#0652','Chesnaught','Grass','Fighting',530,88,107,122,74,75,64,0,0)
,('#0653','Fennekin','Fire',NULL,307,40,45,40,62,60,60,0,0)
,('#0654','Braixen','Fire',NULL,409,59,59,58,90,70,73,0,0)
,('#0655','Delphox','Fire','Psychic',534,75,69,72,114,100,104,0,0)
,('#0656','Froakie','Water',NULL,314,41,56,40,62,44,71,0,0)
,('#0657','Frogadier','Water',NULL,405,54,63,52,83,56,97,0,0)
,('#0658','Greninja','Water','Dark',530,72,95,67,103,71,122,0,0)
,('#0658','Greninja|Ash-Greninja','Water','Dark',640,72,145,67,153,71,132,0,0)
,('#0659','Bunnelby','Normal',NULL,237,38,36,38,32,36,57,0,0)
,('#0660','Diggersby','Normal','Ground',423,85,56,77,50,77,78,0,0)
,('#0661','Fletchling','Normal','Flying',278,45,50,43,40,38,62,0,0)
,('#0662','Fletchinder','Fire','Flying',382,62,73,55,56,52,84,0,0)
,('#0663','Talonflame','Fire','Flying',499,78,81,71,74,69,126,0,0)
,('#0664','Scatterbug','Bug',NULL,200,38,35,40,27,25,35,0,0)
,('#0665','Spewpa','Bug',NULL,213,45,22,60,27,30,29,0,0)
,('#0666','Vivillon','Bug','Flying',411,80,52,50,90,50,89,0,0)
,('#0667','Litleo','Fire','Normal',369,62,50,58,73,54,72,0,0)
,('#0668','Pyroar','Fire','Normal',507,86,68,72,109,66,106,0,0)
,('#0669','Flabébé','Fairy',NULL,303,44,38,39,61,79,42,0,0)
,('#0670','Floette','Fairy',NULL,371,54,45,47,75,98,52,0,0)
,('#0671','Florges','Fairy',NULL,552,78,65,68,112,154,75,0,0)
,('#0672','Skiddo','Grass',NULL,350,66,65,48,62,57,52,0,0)
,('#0673','Gogoat','Grass',NULL,531,123,100,62,97,81,68,0,0)
,('#0674','Pancham','Fighting',NULL,348,67,82,62,46,48,43,0,0)
,('#0675','Pangoro','Fighting','Dark',495,95,124,78,69,71,58,0,0)
,('#0676','Furfrou','Normal',NULL,472,75,80,60,65,90,102,0,0)
,('#0677','Espurr','Psychic',NULL,355,62,48,54,63,60,68,0,0)
,('#0678','Meowstic|Male','Psychic',NULL,466,74,48,76,83,81,104,0,0)
,('#0678','Meowstic|Female','Psychic',NULL,466,74,48,76,83,81,104,0,0)
,('#0679','Honedge','Steel','Ghost',325,45,80,100,35,37,28,0,0)
,('#0680','Doublade','Steel','Ghost',448,59,110,150,45,49,35,0,0)
,('#0681','Aegislash|Shield Forme','Steel','Ghost',500,60,50,140,50,140,60,0,0)
,('#0681','Aegislash|Blade Forme','Steel','Ghost',500,60,140,50,140,50,60,0,0)
,('#0682','Spritzee','Fairy',NULL,341,78,52,60,63,65,23,0,0)
,('#0683','Aromatisse','Fairy',NULL,462,101,72,72,99,89,29,0,0)
,('#0684','Swirlix','Fairy',NULL,341,62,48,66,59,57,49,0,0)
,('#0685','Slurpuff','Fairy',NULL,480,82,80,86,85,75,72,0,0)
,('#0686','Inkay','Dark','Psychic',288,53,54,53,37,46,45,0,0)
,('#0687','Malamar','Dark','Psychic',482,86,92,88,68,75,73,0,0)
,('#0688','Binacle','Rock','Water',306,42,52,67,39,56,50,0,0)
,('#0689','Barbaracle','Rock','Water',500,72,105,115,54,86,68,0,0)
,('#0690','Skrelp','Poison','Water',320,50,60,60,60,60,30,0,0)
,('#0691','Dragalge','Poison','Dragon',494,65,75,90,97,123,44,0,0)
,('#0692','Clauncher','Water',NULL,330,50,53,62,58,63,44,0,0)
,('#0693','Clawitzer','Water',NULL,500,71,73,88,120,89,59,0,0)
,('#0694','Helioptile','Electric','Normal',289,44,38,33,61,43,70,0,0)
,('#0695','Heliolisk','Electric','Normal',481,62,55,52,109,94,109,0,0)
,('#0696','Tyrunt','Rock','Dragon',362,58,89,77,45,45,48,0,0)
,('#0697','Tyrantrum','Rock','Dragon',521,82,121,119,69,59,71,0,0)
,('#0698','Amaura','Rock','Ice',362,77,59,50,67,63,46,0,0)
,('#0699','Aurorus','Rock','Ice',521,123,77,72,99,92,58,0,0)
,('#0700','Sylveon','Fairy',NULL,525,95,65,65,110,130,60,0,0)
,('#0701','Hawlucha','Fighting','Flying',500,78,92,75,74,63,118,0,0)
,('#0702','Dedenne','Electric','Fairy',431,67,58,57,81,67,101,0,0)
,('#0703','Carbink','Rock','Fairy',500,50,50,150,50,150,50,0,0)
,('#0704','Goomy','Dragon',NULL,300,45,50,35,55,75,40,0,0)
,('#0705','Sliggoo','Dragon',NULL,452,68,75,53,83,113,60,0,0)
,('#0705','Sliggoo|Hisuian Sliggoo','Dragon','Steel',452,58,75,83,83,113,40,0,0)
,('#0706','Goodra','Dragon',NULL,600,90,100,70,110,150,80,0,0)
,('#0706','Goodra|Hisuian Goodra','Dragon','Steel',600,80,100,100,110,150,60,0,0)
,('#0707','Klefki','Steel','Fairy',470,57,80,91,80,87,75,0,0)
,('#0708','Phantump','Ghost','Grass',309,43,70,48,50,60,38,0,0)
,('#0709','Trevenant','Ghost','Grass',474,85,110,76,65,82,56,0,0)
,('#0710','Pumpkaboo|Average Size','Ghost','Grass',335,49,66,70,44,55,51,0,0)
,('#0710','Pumpkaboo|Small Size','Ghost','Grass',335,44,66,70,44,55,56,0,0)
,('#0710','Pumpkaboo|Large Size','Ghost','Grass',335,54,66,70,44,55,46,0,0)
,('#0710','Pumpkaboo|Super Size','Ghost','Grass',335,59,66,70,44,55,41,0,0)
,('#0711','Gourgeist|Average Size','Ghost','Grass',494,65,90,122,58,75,84,0,0)
,('#0711','Gourgeist|Small Size','Ghost','Grass',494,55,85,122,58,75,99,0,0)
,('#0711','Gourgeist|Large Size','Ghost','Grass',494,75,95,122,58,75,69,0,0)
,('#0711','Gourgeist|Super Size','Ghost','Grass',494,85,100,122,58,75,54,0,0)
,('#0712','Bergmite','Ice',NULL,304,55,69,85,32,35,28,0,0)
,('#0713','Avalugg','Ice',NULL,514,95,117,184,44,46,28,0,0)
,('#0713','Avalugg|Hisuian Avalugg','Ice','Rock',514,95,127,184,34,36,38,0,0)
,('#0714','Noibat','Flying','Dragon',245,40,30,35,45,40,55,0,0)
,('#0715','Noivern','Flying','Dragon',535,85,70,80,97,80,123,0,0)
,('#0716','Xerneas','Fairy',NULL,680,126,131,95,131,98,99,0,0)
,('#0717','Yveltal','Dark','Flying',680,126,131,95,131,98,99,0,0)
,('#0718','Zygarde|50% Forme','Dragon','Ground',600,108,100,121,81,95,95,0,0)
,('#0718','Zygarde|10% Forme','Dragon','Ground',486,54,100,71,61,85,115,0,0)
,('#0718','Zygarde|Complete Forme','Dragon','Ground',708,216,100,121,91,95,85,0,0)
,('#0719','Diancie','Rock','Fairy',600,50,100,150,100,150,50,0,0)
,('#0719','Diancie|Mega Diancie','Rock','Fairy',700,50,160,110,160,110,110,0,0)
,('#0720','Hoopa|Hoopa Confined','Psychic','Ghost',600,80,110,60,150,130,70,0,0)
,('#0720','Hoopa|Hoopa Unbound','Psychic','Dark',680,80,160,60,170,130,80,0,0)
,('#0721','Volcanion','Fire','Water',600,80,110,120,130,90,70,0,0)
,('#0722','Rowlet','Grass','Flying',320,68,55,55,50,50,42,0,0)
,('#0723','Dartrix','Grass','Flying',420,78,75,75,70,70,52,0,0)
,('#0724','Decidueye','Grass','Ghost',530,78,107,75,100,100,70,0,0)
,('#0724','Decidueye|Hisuian Decidueye','Grass','Fighting',530,88,112,80,95,95,60,0,0)
,('#0725','Litten','Fire',NULL,320,45,65,40,60,40,70,0,0)
,('#0726','Torracat','Fire',NULL,420,65,85,50,80,50,90,0,0)
,('#0727','Incineroar','Fire','Dark',530,95,115,90,80,90,60,0,0)
,('#0728','Popplio','Water',NULL,320,50,54,54,66,56,40,0,0)
,('#0729','Brionne','Water',NULL,420,60,69,69,91,81,50,0,0)
,('#0730','Primarina','Water','Fairy',530,80,74,74,126,116,60,0,0)
,('#0731','Pikipek','Normal','Flying',265,35,75,30,30,30,65,0,0)
,('#0732','Trumbeak','Normal','Flying',355,55,85,50,40,50,75,0,0)
,('#0733','Toucannon','Normal','Flying',485,80,120,75,75,75,60,0,0)
,('#0734','Yungoos','Normal',NULL,253,48,70,30,30,30,45,0,0)
,('#0735','Gumshoos','Normal',NULL,418,88,110,60,55,60,45,0,0)
,('#0736','Grubbin','Bug',NULL,300,47,62,45,55,45,46,0,0)
,('#0737','Charjabug','Bug','Electric',400,57,82,95,55,75,36,0,0)
,('#0738','Vikavolt','Bug','Electric',500,77,70,90,145,75,43,0,0)
,('#0739','Crabrawler','Fighting',NULL,338,47,82,57,42,47,63,0,0)
,('#0740','Crabominable','Fighting','Ice',478,97,132,77,62,67,43,0,0)
,('#0741','Oricorio|Baile Style','Fire','Flying',476,75,70,70,98,70,93,0,0)
,('#0741','Oricorio|Pom-Pom Style','Electric','Flying',476,75,70,70,98,70,93,0,0)
,('#0741','Oricorio|Pa''u Style','Psychic','Flying',476,75,70,70,98,70,93,0,0)
,('#0741','Oricorio|Sensu Style','Ghost','Flying',476,75,70,70,98,70,93,0,0)
,('#0742','Cutiefly','Bug','Fairy',304,40,45,40,55,40,84,0,0)
,('#0743','Ribombee','Bug','Fairy',464,60,55,60,95,70,124,0,0)
,('#0744','Rockruff','Rock',NULL,280,45,65,40,30,40,60,0,0)
,('#0744','Rockruff|Own Tempo Rockruff','Rock',NULL,280,45,65,40,30,40,60,0,0)
,('#0745','Lycanroc|Midday Form','Rock',NULL,487,75,115,65,55,65,112,0,0)
,('#0745','Lycanroc|Midnight Form','Rock',NULL,487,85,115,75,55,75,82,0,0)
,('#0745','Lycanroc|Dusk Form','Rock',NULL,487,75,117,65,55,65,110,0,0)
,('#0746','Wishiwashi|Solo Form','Water',NULL,175,45,20,20,25,25,40,0,0)
,('#0746','Wishiwashi|School Form','Water',NULL,620,45,140,130,140,135,30,0,0)
,('#0747','Mareanie','Poison','Water',305,50,53,62,43,52,45,0,0)
,('#0748','Toxapex','Poison','Water',495,50,63,152,53,142,35,0,0)
,('#0749','Mudbray','Ground',NULL,385,70,100,70,45,55,45,0,0)
,('#0750','Mudsdale','Ground',NULL,500,100,125,100,55,85,35,0,0)
,('#0751','Dewpider','Water','Bug',269,38,40,52,40,72,27,0,0)
,('#0752','Araquanid','Water','Bug',454,68,70,92,50,132,42,0,0)
,('#0753','Fomantis','Grass',NULL,250,40,55,35,50,35,35,0,0)
,('#0754','Lurantis','Grass',NULL,480,70,105,90,80,90,45,0,0)
,('#0755','Morelull','Grass','Fairy',285,40,35,55,65,75,15,0,0)
,('#0756','Shiinotic','Grass','Fairy',405,60,45,80,90,100,30,0,0)
,('#0757','Salandit','Poison','Fire',320,48,44,40,71,40,77,0,0)
,('#0758','Salazzle','Poison','Fire',480,68,64,60,111,60,117,0,0)
,('#0759','Stufful','Normal','Fighting',340,70,75,50,45,50,50,0,0)
,('#0760','Bewear','Normal','Fighting',500,120,125,80,55,60,60,0,0)
,('#0761','Bounsweet','Grass',NULL,210,42,30,38,30,38,32,0,0)
,('#0762','Steenee','Grass',NULL,290,52,40,48,40,48,62,0,0)
,('#0763','Tsareena','Grass',NULL,510,72,120,98,50,98,72,0,0)
,('#0764','Comfey','Fairy',NULL,485,51,52,90,82,110,100,0,0)
,('#0765','Oranguru','Normal','Psychic',490,90,60,80,90,110,60,0,0)
,('#0766','Passimian','Fighting',NULL,490,100,120,90,40,60,80,0,0)
,('#0767','Wimpod','Bug','Water',230,25,35,40,20,30,80,0,0)
,('#0768','Golisopod','Bug','Water',530,75,125,140,60,90,40,0,0)
,('#0769','Sandygast','Ghost','Ground',320,55,55,80,70,45,15,0,0)
,('#0770','Palossand','Ghost','Ground',480,85,75,110,100,75,35,0,0)
,('#0771','Pyukumuku','Water',NULL,410,55,60,130,30,130,5,0,0)
,('#0772','Type: Null','Normal',NULL,534,95,95,95,95,95,59,0,0)
,('#0773','Silvally','Normal',NULL,570,95,95,95,95,95,95,0,0)
,('#0774','Minior|Meteor Form','Rock','Flying',440,60,60,100,60,100,60,0,0)
,('#0774','Minior|Core Form','Rock','Flying',500,60,100,60,100,60,120,0,0)
,('#0775','Komala','Normal',NULL,480,65,115,65,75,95,65,0,0)
,('#0776','Turtonator','Fire','Dragon',485,60,78,135,91,85,36,0,0)
,('#0777','Togedemaru','Electric','Steel',435,65,98,63,40,73,96,0,0)
,('#0778','Mimikyu','Ghost','Fairy',476,55,90,80,50,105,96,0,0)
,('#0779','Bruxish','Water','Psychic',475,68,105,70,70,70,92,0,0)
,('#0780','Drampa','Normal','Dragon',485,78,60,85,135,91,36,0,0)
,('#0781','Dhelmise','Ghost','Grass',517,70,131,100,86,90,40,0,0)
,('#0782','Jangmo-o','Dragon',NULL,300,45,55,65,45,45,45,0,0)
,('#0783','Hakamo-o','Dragon','Fighting',420,55,75,90,65,70,65,0,0)
,('#0784','Kommo-o','Dragon','Fighting',600,75,110,125,100,105,85,0,0)
,('#0785','Tapu Koko','Electric','Fairy',570,70,115,85,95,75,130,0,0)
,('#0786','Tapu Lele','Psychic','Fairy',570,70,85,75,130,115,95,0,0)
,('#0787','Tapu Bulu','Grass','Fairy',570,70,130,115,85,95,75,0,0)
,('#0788','Tapu Fini','Water','Fairy',570,70,75,115,95,130,85,0,0)
,('#0789','Cosmog','Psychic',NULL,200,43,29,31,29,31,37,0,0)
,('#0790','Cosmoem','Psychic',NULL,400,43,29,131,29,131,37,0,0)
,('#0791','Solgaleo','Psychic','Steel',680,137,137,107,113,89,97,0,0)
,('#0792','Lunala','Psychic','Ghost',680,137,113,89,137,107,97,0,0)
,('#0793','Nihilego','Rock','Poison',570,109,53,47,127,131,103,0,0)
,('#0794','Buzzwole','Bug','Fighting',570,107,139,139,53,53,79,0,0)
,('#0795','Pheromosa','Bug','Fighting',570,71,137,37,137,37,151,0,0)
,('#0796','Xurkitree','Electric',NULL,570,83,89,71,173,71,83,0,0)
,('#0797','Celesteela','Steel','Flying',570,97,101,103,107,101,61,0,0)
,('#0798','Kartana','Grass','Steel',570,59,181,131,59,31,109,0,0)
,('#0799','Guzzlord','Dark','Dragon',570,223,101,53,97,53,43,0,0)
,('#0800','Necrozma','Psychic',NULL,600,97,107,101,127,89,79,0,0)
,('#0800','Necrozma|Dusk Mane Necrozma','Psychic','Steel',680,97,157,127,113,109,77,0,0)
,('#0800','Necrozma|Dawn Wings Necrozma','Psychic','Ghost',680,97,113,109,157,127,77,0,0)
,('#0800','Necrozma|Ultra Necrozma','Psychic','Dragon',754,97,167,97,167,97,129,0,0)
,('#0801','Magearna','Steel','Fairy',600,80,95,115,130,115,65,0,0)
,('#0802','Marshadow','Fighting','Ghost',600,90,125,80,90,90,125,0,0)
,('#0803','Poipole','Poison',NULL,420,67,73,67,73,67,73,0,0)
,('#0804','Naganadel','Poison','Dragon',540,73,73,73,127,73,121,0,0)
,('#0805','Stakataka','Rock','Steel',570,61,131,211,53,101,13,0,0)
,('#0806','Blacephalon','Fire','Ghost',570,53,127,53,151,79,107,0,0)
,('#0807','Zeraora','Electric',NULL,600,88,112,75,102,80,143,0,0)
,('#0808','Meltan','Steel',NULL,300,46,65,65,55,35,34,0,0)
,('#0809','Melmetal','Steel',NULL,600,135,143,143,80,65,34,0,0)
,('#0810','Grookey','Grass',NULL,310,50,65,50,40,40,65,0,0)
,('#0811','Thwackey','Grass',NULL,420,70,85,70,55,60,80,0,0)
,('#0812','Rillaboom','Grass',NULL,530,100,125,90,60,70,85,0,0)
,('#0813','Scorbunny','Fire',NULL,310,50,71,40,40,40,69,0,0)
,('#0814','Raboot','Fire',NULL,420,65,86,60,55,60,94,0,0)
,('#0815','Cinderace','Fire',NULL,530,80,116,75,65,75,119,0,0)
,('#0816','Sobble','Water',NULL,310,50,40,40,70,40,70,0,0)
,('#0817','Drizzile','Water',NULL,420,65,60,55,95,55,90,0,0)
,('#0818','Inteleon','Water',NULL,530,70,85,65,125,65,120,0,0)
,('#0819','Skwovet','Normal',NULL,275,70,55,55,35,35,25,0,0)
,('#0820','Greedent','Normal',NULL,460,120,95,95,55,75,20,0,0)
,('#0821','Rookidee','Flying',NULL,245,38,47,35,33,35,57,0,0)
,('#0822','Corvisquire','Flying',NULL,365,68,67,55,43,55,77,0,0)
,('#0823','Corviknight','Flying','Steel',495,98,87,105,53,85,67,0,0)
,('#0824','Blipbug','Bug',NULL,180,25,20,20,25,45,45,0,0)
,('#0825','Dottler','Bug','Psychic',335,50,35,80,50,90,30,0,0)
,('#0826','Orbeetle','Bug','Psychic',505,60,45,110,80,120,90,0,0)
,('#0827','Nickit','Dark',NULL,245,40,28,28,47,52,50,0,0)
,('#0828','Thievul','Dark',NULL,455,70,58,58,87,92,90,0,0)
,('#0829','Gossifleur','Grass',NULL,250,40,40,60,40,60,10,0,0)
,('#0830','Eldegoss','Grass',NULL,460,60,50,90,80,120,60,0,0)
,('#0831','Wooloo','Normal',NULL,270,42,40,55,40,45,48,0,0)
,('#0832','Dubwool','Normal',NULL,490,72,80,100,60,90,88,0,0)
,('#0833','Chewtle','Water',NULL,284,50,64,50,38,38,44,0,0)
,('#0834','Drednaw','Water','Rock',485,90,115,90,48,68,74,0,0)
,('#0835','Yamper','Electric',NULL,270,59,45,50,40,50,26,0,0)
,('#0836','Boltund','Electric',NULL,490,69,90,60,90,60,121,0,0)
,('#0837','Rolycoly','Rock',NULL,240,30,40,50,40,50,30,0,0)
,('#0838','Carkol','Rock','Fire',410,80,60,90,60,70,50,0,0)
,('#0839','Coalossal','Rock','Fire',510,110,80,120,80,90,30,0,0)
,('#0840','Applin','Grass','Dragon',260,40,40,80,40,40,20,0,0)
,('#0841','Flapple','Grass','Dragon',485,70,110,80,95,60,70,0,0)
,('#0842','Appletun','Grass','Dragon',485,110,85,80,100,80,30,0,0)
,('#0843','Silicobra','Ground',NULL,315,52,57,75,35,50,46,0,0)
,('#0844','Sandaconda','Ground',NULL,510,72,107,125,65,70,71,0,0)
,('#0845','Cramorant','Flying','Water',475,70,85,55,85,95,85,0,0)
,('#0846','Arrokuda','Water',NULL,280,41,63,40,40,30,66,0,0)
,('#0847','Barraskewda','Water',NULL,490,61,123,60,60,50,136,0,0)
,('#0848','Toxel','Electric','Poison',242,40,38,35,54,35,40,0,0)
,('#0849','Toxtricity|Low Key Form','Electric','Poison',502,75,98,70,114,70,75,0,0)
,('#0849','Toxtricity|Amped Form','Electric','Poison',502,75,98,70,114,70,75,0,0)
,('#0850','Sizzlipede','Fire','Bug',305,50,65,45,50,50,45,0,0)
,('#0851','Centiskorch','Fire','Bug',525,100,115,65,90,90,65,0,0)
,('#0852','Clobbopus','Fighting',NULL,310,50,68,60,50,50,32,0,0)
,('#0853','Grapploct','Fighting',NULL,480,80,118,90,70,80,42,0,0)
,('#0854','Sinistea','Ghost',NULL,308,40,45,45,74,54,50,0,0)
,('#0855','Polteageist','Ghost',NULL,508,60,65,65,134,114,70,0,0)
,('#0856','Hatenna','Psychic',NULL,265,42,30,45,56,53,39,0,0)
,('#0857','Hattrem','Psychic',NULL,370,57,40,65,86,73,49,0,0)
,('#0858','Hatterene','Psychic','Fairy',510,57,90,95,136,103,29,0,0)
,('#0859','Impidimp','Dark','Fairy',265,45,45,30,55,40,50,0,0)
,('#0860','Morgrem','Dark','Fairy',370,65,60,45,75,55,70,0,0)
,('#0861','Grimmsnarl','Dark','Fairy',510,95,120,65,95,75,60,0,0)
,('#0862','Obstagoon','Dark','Normal',520,93,90,101,60,81,95,0,0)
,('#0863','Perrserker','Steel',NULL,440,70,110,100,50,60,50,0,0)
,('#0864','Cursola','Ghost',NULL,510,60,95,50,145,130,30,0,0)
,('#0865','Sirfetch''d','Fighting',NULL,507,62,135,95,68,82,65,0,0)
,('#0866','Mr. Rime','Ice','Psychic',520,80,85,75,110,100,70,0,0)
,('#0867','Runerigus','Ground','Ghost',483,58,95,145,50,105,30,0,0)
,('#0868','Milcery','Fairy',NULL,270,45,40,40,50,61,34,0,0)
,('#0869','Alcremie','Fairy',NULL,495,65,60,75,110,121,64,0,0)
,('#0870','Falinks','Fighting',NULL,470,65,100,100,70,60,75,0,0)
,('#0871','Pincurchin','Electric',NULL,435,48,101,95,91,85,15,0,0)
,('#0872','Snom','Ice','Bug',185,30,25,35,45,30,20,0,0)
,('#0873','Frosmoth','Ice','Bug',475,70,65,60,125,90,65,0,0)
,('#0874','Stonjourner','Rock',NULL,470,100,125,135,20,20,70,0,0)
,('#0875','Eiscue|Ice Face','Ice',NULL,470,75,80,110,65,90,50,0,0)
,('#0875','Eiscue|Noice Face','Ice',NULL,470,75,80,70,65,50,130,0,0)
,('#0876','Indeedee|Male','Psychic','Normal',475,60,65,55,105,95,95,0,0)
,('#0876','Indeedee|Female','Psychic','Normal',475,70,55,65,95,105,85,0,0)
,('#0877','Morpeko|Full Belly Mode','Electric','Dark',436,58,95,58,70,58,97,0,0)
,('#0877','Morpeko|Hangry Mode','Electric','Dark',436,58,95,58,70,58,97,0,0)
,('#0878','Cufant','Steel',NULL,330,72,80,49,40,49,40,0,0)
,('#0879','Copperajah','Steel',NULL,500,122,130,69,80,69,30,0,0)
,('#0880','Dracozolt','Electric','Dragon',505,90,100,90,80,70,75,0,0)
,('#0881','Arctozolt','Electric','Ice',505,90,100,90,90,80,55,0,0)
,('#0882','Dracovish','Water','Dragon',505,90,90,100,70,80,75,0,0)
,('#0883','Arctovish','Water','Ice',505,90,90,100,80,90,55,0,0)
,('#0884','Duraludon','Steel','Dragon',535,70,95,115,120,50,85,0,0)
,('#0885','Dreepy','Dragon','Ghost',270,28,60,30,40,30,82,0,0)
,('#0886','Drakloak','Dragon','Ghost',410,68,80,50,60,50,102,0,0)
,('#0887','Dragapult','Dragon','Ghost',600,88,120,75,100,75,142,0,0)
,('#0888','Zacian|Crowned Sword','Fairy','Steel',720,92,170,115,80,115,148,0,0)
,('#0888','Zacian|Hero of Many Battles','Fairy',NULL,670,92,130,115,80,115,138,0,0)
,('#0889','Zamazenta|Crowned Shield','Fighting','Steel',720,92,130,145,80,145,128,0,0)
,('#0889','Zamazenta|Hero of Many Battles','Fighting',NULL,670,92,130,115,80,115,138,0,0)
,('#0890','Eternatus','Poison','Dragon',690,140,85,95,145,95,130,0,0)
,('#0890','Eternatus|Eternamax','Poison','Dragon',1125,255,115,250,125,250,130,0,0)
,('#0891','Kubfu','Fighting',NULL,385,60,90,60,53,50,72,0,0)
,('#0892','Urshifu|Single Strike Style','Fighting','Dark',550,100,130,100,63,60,97,0,0)
,('#0892','Urshifu|Rapid Strike Style','Fighting','Water',550,100,130,100,63,60,97,0,0)
,('#0893','Zarude','Dark','Grass',600,105,120,105,70,95,105,0,0)
,('#0894','Regieleki','Electric',NULL,580,80,100,50,100,50,200,0,0)
,('#0895','Regidrago','Dragon',NULL,580,200,100,50,100,50,80,0,0)
,('#0896','Glastrier','Ice',NULL,580,100,145,130,65,110,30,0,0)
,('#0897','Spectrier','Ghost',NULL,580,100,65,60,145,80,130,0,0)
,('#0898','Calyrex','Psychic','Grass',500,100,80,80,80,80,80,0,0)
,('#0898','Calyrex|Ice Rider','Psychic','Ice',680,100,165,150,85,130,50,0,0)
,('#0898','Calyrex|Shadow Rider','Psychic','Ghost',680,100,85,80,165,100,150,0,0)
,('#0899','Wyrdeer','Normal','Psychic',525,103,105,72,105,75,65,0,0)
,('#0900','Kleavor','Bug','Rock',500,70,135,95,45,70,85,0,0)
,('#0901','Ursaluna','Normal','Ground',550,130,140,105,45,80,50,0,0)
,('#0902','Basculegion|Male','Water','Ghost',530,120,112,65,80,75,78,0,0)
,('#0902','Basculegion|Female','Water','Ghost',530,120,92,65,100,75,78,0,0)
,('#0903','Sneasler','Poison','Fighting',510,80,130,60,40,80,120,0,0)
,('#0904','Overqwil','Dark','Poison',510,85,115,95,65,65,85,0,0)
,('#0905','Enamorus|Incarnate Forme','Fairy','Flying',580,74,115,70,135,80,106,0,0)
,('#0905','Enamorus|Therian Forme','Fairy','Flying',580,74,115,110,135,100,46,0,0);



/*************************************\
** NATURE
\*************************************/
INSERT INTO nature (nature_id, name, attack, defense, sp_attack, sp_defense, speed)
VALUES (0,'UNKNOWN',0,0,0,0,0)
,(1,'Hardy',1,1,1,1,1)
,(2,'Lonely',1.1,0.9,1,1,1)
,(3,'Brave',1.1,1,1,1,0.9)
,(4,'Adamant',1.1,1,0.9,1,1)
,(5,'Naughty',1.1,1,1,0.9,1)
,(6,'Bold',0.9,1.1,1,1,1)
,(7,'Docile',1,1,1,1,1)
,(8,'Relaxed',1,1.1,1,1,0.9)
,(9,'Impish',1,1.1,0.9,1,1)
,(10,'Lax',1,1.1,1,0.9,1)
,(11,'Timid',0.9,1,1,1,1.1)
,(12,'Hasty',1,0.9,1,1,1.1)
,(13,'Serious',1,1,1,1,1)
,(14,'Jolly',1,1,0.9,1,1.1)
,(15,'Naive',1,1,1,0.9,1.1)
,(16,'Modest',0.9,1,1.1,1,1)
,(17,'Mild',1,0.9,1.1,1,1)
,(18,'Quiet',1,1,1.1,1,0.9)
,(19,'Bashful',1,1,1,1,1)
,(20,'Rash',1,1,1.1,0.9,1)
,(21,'Calm',0.9,1,1,1.1,1)
,(22,'Gentle',1,0.9,1,1.1,1)
,(23,'Sassy',1,1,1,1.1,0.9)
,(24,'Careful',1,1,0.9,1.1,1)
,(25,'Quirky',1,1,1,1,1);


/*************************************\
** REGION
\*************************************/
INSERT INTO region (region_id, name)
VALUES (0,'UNKNOWN')
,(1,'Kanto')
,(2,'Johto')
,(3,'Hoenn')
,(4,'Sinnoh')
,(5,'Unova')
,(6,'Kalos')
,(7,'Alola')
,(8,'Galar')
,(9,'Hisui');


/*************************************\
** ROUTE
\*************************************/
INSERT INTO route (route_id, name)
VALUES (0,'UNKNOWN')
,(1,'Route 1')
,(2,'Route 2')
,(3,'Route 3')
,(4,'Route 4')
,(5,'Route 5')
,(6,'Route 6')
,(7,'Route 7')
,(8,'Route 8')
,(9,'Route 9')
,(10,'Route 10')
,(11,'Route 11')
,(12,'Route 12')
,(13,'Route 13')
,(14,'Route 14')
,(15,'Route 15')
,(16,'Route 16')
,(17,'Route 17')
,(18,'Route 18')
,(19,'Route 19')
,(20,'Route 20')
,(21,'Route 21')
,(22,'Route 22')
,(23,'Route 23')
,(24,'Route 24')
,(25,'Route 25');


/*************************************\
** REGION_ROUTE_XREF
\*************************************/
INSERT INTO region_route_xref (region_id, route_id, game_id)
VALUES (1,1,1)
,(1,2,1)
,(1,3,1)
,(1,4,1)
,(1,5,1)
,(1,6,1)
,(1,7,1)
,(1,8,1)
,(1,9,1)
,(1,10,1)
,(1,11,1)
,(1,12,1)
,(1,13,1)
,(1,14,1)
,(1,15,1)
,(1,16,1)
,(1,17,1)
,(1,18,1)
,(1,19,1)
,(1,20,1)
,(1,21,1)
,(1,22,1)
,(1,23,1)
,(1,24,1)
,(1,25,1)
,(1,1,2)
,(1,2,2)
,(1,3,2)
,(1,4,2)
,(1,5,2)
,(1,6,2)
,(1,7,2)
,(1,8,2)
,(1,9,2)
,(1,10,2)
,(1,11,2)
,(1,12,2)
,(1,13,2)
,(1,14,2)
,(1,15,2)
,(1,16,2)
,(1,17,2)
,(1,18,2)
,(1,19,2)
,(1,20,2)
,(1,21,2)
,(1,22,2)
,(1,23,2)
,(1,24,2)
,(1,25,2)
,(1,1,3)
,(1,2,3)
,(1,3,3)
,(1,4,3)
,(1,5,3)
,(1,6,3)
,(1,7,3)
,(1,8,3)
,(1,9,3)
,(1,10,3)
,(1,11,3)
,(1,12,3)
,(1,13,3)
,(1,14,3)
,(1,15,3)
,(1,16,3)
,(1,17,3)
,(1,18,3)
,(1,19,3)
,(1,20,3)
,(1,21,3)
,(1,22,3)
,(1,23,3)
,(1,24,3)
,(1,25,3);



/*************************************\
** POKEMON_SPAWN_RATE (DRAFT)
\*************************************/
INSERT INTO pokemon_spawn_rate (pokemon_id, region_route_xref_id, location, min_level, max_level, rate)
VALUES (21,1,'Grass',2,5,.5) -- PIDGEY RED
,(21,26,'Grass',2,5,.5) -- PIDGEY BLUE 
,(21,51,'Grass',2,7,.7) -- PIDGEY YELLOW
,(25,1,'Grass',2,4,.5) -- RATTATA RED
,(25,26,'Grass',2,4,.5) -- RATTATA BLUE 
,(25,51,'Grass',2,4,.3) -- RATTATA YELLOW
,(33,51,'Professor Oak',2,4,1); -- PIKACHU YELLOW